video,n_boxes,n_frames,boxes_per_frame,bbox_frac,hull_frac,core95_frac,cx_min,cx_max,cy_min,cy_max
v_03rc50t2e6,50,50,1.0,0.002,0.0,0.002,1242,1349,492,524
v_0r0ibswn18,12,50,0.2,0.0,0.0,0.0,10,156,529,532
v_1ofto9j5rr,41,50,0.8,0.002,0.0,0.001,4,416,543,551
v_3amaoq1g5v,34,50,0.7,0.0,0.0,0.0,973,975,1032,1072
v_3yzj8nkhg0,50,50,1.0,0.002,0.0,0.002,1203,1692,526,536
v_41vksn3nl4,7,50,0.1,0.001,0.0,0.001,16,186,475,484
v_59ovcih66l,50,50,1.0,0.001,0.0,0.001,134,795,529,532
v_6q0hywqgn0,22,50,0.4,0.0,0.0,0.0,5,176,542,546
v_6xppovrd26,50,50,1.0,0.002,0.0,0.002,1009,1334,479,493
v_77dr9lsqpd,7,21,0.3,0.0,0.0,0.0,6,43,523,525
v_78pyb8w7m2,33,50,0.7,0.003,0.0,0.003,8,616,533,543
v_7gbug1o4wk,10,50,0.2,0.0,0.0,0.0,1783,1882,500,508
v_86usi02dqp,45,50,0.9,0.001,0.0,0.001,1002,1010,787,1060
v_8nk1jm8uys,19,50,0.4,0.002,0.0,0.002,7,245,519,534
v_ags40vgt6h,25,50,0.5,0.001,0.0,0.001,4,194,511,518
v_aqzef8o0la,15,50,0.3,0.0,0.0,0.0,11,196,505,509
v_b93g4aq9tb,50,50,1.0,0.008,0.0,0.007,498,1099,495,522
v_cmm4cu39sg,50,50,1.0,0.0,0.0,0.0,1352,1469,488,492
v_dhcy4nqxmn,11,50,0.2,0.0,0.0,0.0,9,111,510,514
v_e8heli4fnb,3,50,0.1,0.0,0.0,0.0,1898,1906,510,513
v_fefmbqbs82,15,50,0.3,0.001,0.0,0.001,10,175,502,519
v_ffgf6zmmpt,50,50,1.0,0.001,0.0,0.001,377,986,517,520
v_fjkakptlgz,50,50,1.0,0.005,0.0,0.004,215,960,491,504
v_gdr9qz613a,50,50,1.0,0.004,0.0,0.003,573,1077,486,501
v_gtevypxgze,40,50,0.8,0.002,0.0,0.001,992,1002,750,1051
v_ijgefhd2zh,23,50,0.5,0.001,0.0,0.001,1497,1913,458,462
v_iuwpdh52y8,29,50,0.6,0.0,0.0,0.0,3,363,518,520
v_j62htc5d5i,50,50,1.0,0.002,0.0,0.002,1059,1446,485,496
v_j63s9yvulo,30,50,0.6,0.001,0.0,0.001,1797,1904,497,524
v_jcwrohjewu,50,50,1.0,0.001,0.0,0.001,914,1309,532,539
v_jxtvkmlxlg,13,50,0.3,0.0,0.0,0.0,7,121,526,532
v_k0507pril4,20,50,0.4,0.0,0.0,0.0,9,303,505,508
v_kobcrm4tc6,27,50,0.5,0.0,0.0,0.0,10,206,535,537
v_n7f0v4scts,29,50,0.6,0.0,0.0,0.0,1001,1005,793,1059
v_o6ptfu1jzu,50,50,1.0,0.001,0.0,0.001,960,1259,474,484
v_onwdxdo1bs,50,50,1.0,0.001,0.0,0.0,702,1113,497,499
v_opv1ww967s,10,50,0.2,0.0,0.0,0.0,1007,1011,966,1051
v_oxn1ezy3cr,50,50,1.0,0.0,0.0,0.0,1472,1588,488,495
v_r797h2rdtv,50,50,1.0,0.002,0.0,0.002,973,1335,481,492
v_s7o4fyc844,19,50,0.4,0.001,0.0,0.0,6,296,531,534
v_sf4vh490up,24,50,0.5,0.001,0.0,0.001,989,997,13,176
v_t25bnu3oko,50,50,1.0,0.001,0.0,0.001,996,1307,519,525
v_t2qtn50g2a,50,50,1.0,0.001,0.0,0.001,1600,1795,525,539
v_t9re5kb4ou,40,50,0.8,0.002,0.0,0.001,1367,1871,489,496
v_v9dvzvzk6n,50,50,1.0,0.0,0.0,0.0,1036,1316,499,503
v_y0hgp5tlq6,14,50,0.3,0.002,0.0,0.001,1706,1867,505,526
v_y9q0po6vo8,13,50,0.3,0.001,0.0,0.001,1816,1905,505,526
v_yo4zppz5zk,16,50,0.3,0.0,0.0,0.0,4,161,530,531
v_ysheb84rue,50,50,1.0,0.0,0.0,0.0,968,973,916,1030
v_01tp2eyell,30,50,0.6,0.002,0.001,0.002,1531,1885,509,521
v_13rzcztzn2,50,50,1.0,0.003,0.001,0.003,20,745,513,522
v_20b96zot2r,39,50,0.8,0.003,0.001,0.003,9,461,502,515
v_32zi3hplu7,50,50,1.0,0.001,0.001,0.001,1133,1586,498,505
v_40ggi6c60b,30,50,0.6,0.002,0.001,0.002,3,113,494,537
v_52zrpc3gi0,50,50,1.0,0.004,0.001,0.003,959,1002,557,745
v_6s4w01696d,50,50,1.0,0.006,0.001,0.006,41,626,512,533
v_8o5bv9l6le,46,50,0.9,0.003,0.001,0.003,12,799,511,520
v_99jl48n431,44,50,0.9,0.005,0.001,0.004,4,346,510,537
v_9lhclexe4c,50,50,1.0,0.005,0.001,0.004,315,1056,521,535
v_b8yerp2it3,50,50,1.0,0.007,0.001,0.006,207,824,487,511
v_cdn8rl7l9y,45,50,0.9,0.002,0.001,0.001,1494,1908,487,498
v_dehdpg976n,50,50,1.0,0.004,0.001,0.003,194,1006,501,511
v_dncbson0ar,32,50,0.6,0.004,0.001,0.004,1540,1914,526,548
v_dy1t2vek0w,56,50,1.1,0.008,0.001,0.007,13,732,502,525
v_ewmzixv877,66,50,1.3,0.004,0.001,0.004,4,702,524,536
v_gqiu3rgs6w,50,50,1.0,0.002,0.001,0.002,1256,1806,526,535
v_h4isw54q4j,50,50,1.0,0.009,0.001,0.009,116,899,497,521
v_j7gyspt5cw,83,50,1.7,0.003,0.001,0.002,5,969,531,536
v_jubd7zkr5d,54,50,1.1,0.002,0.001,0.002,4,565,526,532
v_mfodp4jabi,50,50,1.0,0.008,0.001,0.007,320,1050,484,507
v_n897cnclxy,50,50,1.0,0.011,0.001,0.01,260,954,485,519
v_nezsuyd0pz,50,50,1.0,0.005,0.001,0.004,1055,1875,509,521
v_ntfaiyvo5c,50,50,1.0,0.004,0.001,0.004,189,900,519,532
v_ppw1yrxujo,50,50,1.0,0.004,0.001,0.004,612,1183,477,492
v_pr5u45y450,26,50,0.5,0.001,0.001,0.001,1599,1900,506,514
v_qi3iselwzh,100,50,2.0,0.003,0.001,0.002,373,1287,534,540
v_r6tuihtpwu,50,50,1.0,0.003,0.001,0.003,1105,1524,534,550
v_r8dac4cu6f,50,50,1.0,0.001,0.001,0.001,1065,1514,517,522
v_rwkobi1oh0,34,50,0.7,0.003,0.001,0.003,1641,1906,497,523
v_sbx1fdmgyi,50,50,1.0,0.002,0.001,0.002,1242,1800,492,500
v_tbk90gflac,25,50,0.5,0.003,0.001,0.003,1532,1903,505,521
v_tg6vviprnt,50,50,1.0,0.015,0.001,0.014,428,1046,495,545
v_tl1r03aqsa,50,50,1.0,0.003,0.001,0.003,1015,1520,504,517
v_uhvwsddcxp,50,50,1.0,0.019,0.001,0.017,172,1003,479,527
v_urd5nlroox,50,50,1.0,0.004,0.001,0.003,963,1008,603,783
v_vcxc1bohus,50,50,1.0,0.003,0.001,0.003,995,1015,631,956
v_w5ih4wpfjx,50,50,1.0,0.001,0.001,0.001,805,1199,529,536
v_x841kuutd2,37,50,0.7,0.002,0.001,0.001,1465,1911,498,506
v_yqfxcn2v90,40,50,0.8,0.007,0.001,0.006,1415,1881,512,541
v_ysdnm0l6ie,35,50,0.7,0.004,0.001,0.003,1542,1897,494,514
v_3mx8i4vo8k,33,50,0.7,0.003,0.002,0.002,3,484,516,528
v_6yn2lb9fc6,69,50,1.4,0.004,0.002,0.003,1237,1904,497,508
v_arp7o7t5mp,51,50,1.0,0.004,0.002,0.002,1197,1905,509,520
v_bh2crsapvm,50,50,1.0,0.008,0.002,0.007,937,991,612,934
v_j4ipunq273,50,50,1.0,0.006,0.002,0.005,1326,1893,500,521
v_n7frhu3odv,100,50,2.0,0.009,0.002,0.008,942,1900,493,512
v_pnlf64rf68,54,50,1.1,0.003,0.002,0.002,1363,1910,516,526
v_sn87m0muvo,46,50,0.9,0.006,0.002,0.005,1349,1906,492,512
v_t0rcxiuav0,49,50,1.0,0.005,0.002,0.004,1352,1911,499,516
v_tuyb2j2uk6,70,50,1.4,0.004,0.002,0.004,3,568,530,544
v_tvu36scn1f,50,50,1.0,0.007,0.002,0.006,946,1015,545,746
v_u70md1zbe8,45,50,0.9,0.003,0.002,0.003,1350,1903,487,499
v_wqvav4qcxo,50,50,1.0,0.003,0.002,0.003,979,1015,875,1064
v_z892lbdqf6,34,50,0.7,0.004,0.002,0.004,990,1013,17,400
v_zvtywyonpx,50,50,1.0,0.009,0.002,0.008,101,739,496,524
v_2phx07m2il,47,50,0.9,0.007,0.003,0.007,1318,1910,512,537
v_64iij3aqe0,90,50,1.8,0.018,0.003,0.017,14,1352,493,520
v_cys92jyib5,79,50,1.6,0.01,0.003,0.008,994,1909,494,517
v_fqwsjzvsfv,100,50,2.0,0.004,0.003,0.003,1183,1903,488,501
v_fxa8p8uih4,72,50,1.4,0.007,0.003,0.006,1,1247,529,540
v_glc8bthskp,64,50,1.3,0.007,0.003,0.007,10,1218,503,515
v_kjpk4f5oj6,100,50,2.0,0.012,0.003,0.01,221,1306,494,517
v_p95655ode0,68,50,1.4,0.005,0.003,0.004,1252,1904,496,510
v_pxbeekjz1j,74,50,1.5,0.01,0.003,0.009,7,902,497,520
v_s692nbo66u,100,50,2.0,0.006,0.003,0.005,914,1818,527,541
v_s7crh5bdy2,80,50,1.6,0.014,0.003,0.013,1191,1873,503,545
v_xrsq9ej8s9,94,50,1.9,0.009,0.003,0.007,1027,1905,509,529
v_3fpyvs4nkz,64,50,1.3,0.01,0.004,0.009,1206,1906,510,539
v_5acfgb7ua0,60,50,1.2,0.017,0.004,0.016,923,1907,504,539
v_6q1ipw9aoq,82,50,1.6,0.014,0.004,0.014,14,1273,514,537
v_9xqv3vbd2n,90,50,1.8,0.007,0.004,0.007,625,1904,491,503
v_gq0p9x65ku,90,50,1.8,0.009,0.004,0.007,35,1262,501,516
v_gushgvh1y5,50,50,1.0,0.014,0.004,0.012,636,961,512,599
v_i8yooudjzo,62,50,1.2,0.022,0.004,0.022,13,1182,485,524
v_n2pd1bhie3,57,50,1.1,0.007,0.004,0.006,12,724,505,524
v_n6l7s4hft6,72,50,1.4,0.02,0.004,0.02,8,1218,487,522
v_pd7r683evj,60,50,1.2,0.014,0.004,0.012,1023,1912,482,515
v_pgycvy9w1s,100,50,2.0,0.008,0.004,0.007,264,1035,501,523
v_q4luc2bv79,100,50,2.0,0.009,0.004,0.009,745,1741,490,509
v_qophc60wi2,14,50,0.3,0.041,0.004,0.04,13,1902,489,533
v_7q5pi9me7t,99,50,2.0,0.009,0.005,0.008,13,588,512,544
v_9akff6lzqs,69,50,1.4,0.009,0.005,0.008,1141,1904,500,524
v_cvp7tdcwa2,50,50,1.0,0.012,0.005,0.011,476,942,491,546
v_dwr4mu3gfh,88,50,1.8,0.01,0.005,0.008,1126,1904,507,535
v_eya6npn5oa,81,50,1.6,0.043,0.005,0.042,27,1359,483,551
v_f1lh7z872p,50,50,1.0,0.012,0.005,0.01,997,1059,64,464
v_f48dtu7jdz,50,50,1.0,0.013,0.005,0.011,1016,1340,407,493
v_q2wru9u253,100,50,2.0,0.013,0.005,0.01,929,1012,548,864
v_xfuj81j2ca,65,50,1.3,0.011,0.005,0.009,831,1906,481,502
v_4iz9685may,60,50,1.2,0.025,0.006,0.025,11,1445,493,530
v_5setpg6z0c,100,50,2.0,0.022,0.006,0.02,48,1155,487,527
v_l7x0ahucbv,50,50,1.0,0.013,0.006,0.011,435,950,497,549
v_ucsxokl1zi,100,50,2.0,0.009,0.006,0.008,961,1016,686,1032
v_vfvr4l26i6,83,50,1.7,0.024,0.006,0.024,3,1408,498,534
v_0ycwubdt0t,83,50,1.7,0.014,0.007,0.013,8,1293,526,549
v_hd3ztj49lt,119,50,2.4,0.013,0.007,0.011,11,1116,522,547
v_ra8sg41vpt,82,50,1.6,0.025,0.007,0.024,5,1417,489,525
v_uc3pcay9x2,100,50,2.0,0.022,0.007,0.021,188,1603,490,522
v_0psfafjt98,90,50,1.8,0.016,0.008,0.015,1134,1872,497,543
v_fvjarpq65z,78,50,1.6,0.039,0.008,0.035,9,1867,480,524
v_gj8zwy1hlm,100,50,2.0,0.025,0.008,0.023,254,1793,487,521
v_hf4wwzqpqn,50,50,1.0,0.027,0.008,0.025,504,936,473,605
v_kzkgwsi6bd,50,50,1.0,0.022,0.008,0.022,9,1910,489,513
v_qzyxrmn7gg,100,50,2.0,0.014,0.008,0.013,378,1133,504,543
v_wkmparteov,97,50,1.9,0.014,0.008,0.013,594,1916,494,515
v_zhi211cdrx,48,34,1.4,0.012,0.008,0.012,9,711,476,513
v_3i2xdnle8a,55,50,1.1,0.018,0.009,0.016,9,1870,511,531
v_np1bkr5e9h,128,50,2.6,0.015,0.009,0.011,1086,1906,473,512
v_08j4szqboz,250,50,5.0,0.03,0.01,0.03,637,964,872,1061
v_3sf3g6z4ah,100,50,2.0,0.024,0.01,0.019,196,1826,464,494
v_gxycf3xw4r,100,50,2.0,0.027,0.01,0.022,1002,1367,350,500
v_ow9mk4cegm,100,50,2.0,0.029,0.01,0.026,769,1012,505,754
v_uwoyarulwo,130,50,2.6,0.02,0.01,0.018,1163,1858,487,547
v_wacqd07wvl,95,50,1.9,0.032,0.01,0.027,4,1262,467,520
v_05wejrqj6h,92,50,1.8,0.028,0.011,0.026,8,1201,482,530
v_0getcmo42g,64,50,1.3,0.019,0.011,0.018,1408,1916,433,511
v_aezq2v2os1,100,50,2.0,0.023,0.011,0.021,386,1325,491,541
v_wt9i5owl3g,100,50,2.0,0.021,0.011,0.019,652,1723,500,540
v_yzk20gnzmj,114,50,2.3,0.021,0.011,0.019,8,524,458,542
v_6y2osvnt33,87,50,1.7,0.03,0.012,0.023,122,1908,493,528
v_g95ni4t3w3,125,50,2.5,0.025,0.012,0.023,11,1357,495,533
v_o518sq8n50,129,50,2.6,0.019,0.012,0.018,847,1905,498,536
v_pbu8a4tco7,67,50,1.3,0.021,0.012,0.019,18,658,469,539
v_rp66vqm8t0,75,50,1.5,0.045,0.012,0.04,8,1890,487,537
v_a0vwscsw6p,99,50,2.0,0.028,0.013,0.024,986,1107,13,489
v_wbohgoql5p,95,50,1.9,0.024,0.013,0.022,21,1805,477,504
v_a0ls05cd51,70,50,1.4,0.031,0.014,0.03,13,1367,461,509
v_edolca79vr,61,50,1.2,0.059,0.014,0.052,3,1906,461,525
v_h92ktj7wpi,100,50,2.0,0.028,0.014,0.026,224,1836,482,518
v_i2bd4vwde7,119,50,2.4,0.023,0.014,0.021,4,819,488,547
v_pcna9gras7,100,50,2.0,0.025,0.014,0.024,70,1156,482,530
v_vobek3ssog,127,50,2.5,0.023,0.014,0.021,319,1908,502,533
v_4ch9i89feh,82,50,1.6,0.029,0.015,0.027,4,1312,502,548
v_q4o9vv6itw,122,50,2.4,0.027,0.015,0.026,4,1140,490,539
v_ww2zjk1qm0,55,50,1.1,0.025,0.015,0.024,5,1907,478,505
v_jvsiy316ux,75,50,1.5,0.041,0.016,0.035,12,1901,478,523
v_t6e5p362cw,86,50,1.7,0.041,0.016,0.039,334,1914,458,511
v_0mpdxs98r6,200,50,4.0,0.029,0.017,0.026,22,1634,505,542
v_ejaqunqygk,123,50,2.5,0.035,0.017,0.026,3,1910,496,535
v_gyd9ekns6t,69,50,1.4,0.037,0.017,0.035,12,1571,432,481
v_je2ivx3fm4,150,50,3.0,0.031,0.017,0.029,236,1590,490,538
v_kj3sqhrkny,107,50,2.1,0.033,0.017,0.031,681,1911,490,546
v_ztfkmwhhfm,93,50,1.9,0.049,0.017,0.047,6,1828,474,530
v_37qg2grbx8,97,50,1.9,0.037,0.018,0.034,382,1289,504,588
v_6tb36p58ij,110,50,2.2,0.033,0.018,0.031,4,1900,503,539
v_9duz314inf,151,50,3.0,0.036,0.018,0.019,718,1892,486,549
v_g3fmj2chol,96,50,1.9,0.032,0.018,0.027,11,1901,503,538
v_06gsqrb2sb,49,50,1.0,0.029,0.019,0.027,1298,1912,461,557
v_1bi07v6spb,121,50,2.4,0.035,0.019,0.032,4,1583,500,546
v_xw5vbdunxb,98,50,2.0,0.034,0.019,0.031,564,1905,439,492
v_opa4udnhwj,150,50,3.0,0.036,0.02,0.034,176,1630,481,533
v_9mpk7r4b5j,104,50,2.1,0.041,0.021,0.04,4,1705,490,541
v_aqw85kju5h,82,50,1.6,0.029,0.021,0.026,1346,1913,428,533
v_f8qy04g8r7,350,50,7.0,0.088,0.021,0.088,737,1059,509,1073
v_fbwnufjbee,100,50,2.0,0.048,0.021,0.043,134,990,524,640
v_vyrvlkin3t,350,50,7.0,0.088,0.021,0.088,737,1060,509,1073
v_zhu2pajk93,75,50,1.5,0.045,0.021,0.04,1026,1908,443,549
v_4tqkxje62r,150,50,3.0,0.042,0.022,0.032,11,1218,503,576
v_dkn85s7mij,16,50,0.3,0.261,0.022,0.259,6,998,520,1065
v_rw91i4tfyy,110,50,2.2,0.042,0.022,0.038,168,1003,438,542
v_tss34ysbrd,104,50,2.1,0.053,0.022,0.042,4,1902,485,543
v_9kc7xo3jmn,179,50,3.6,0.04,0.023,0.038,13,1216,488,558
v_6nidfdbquv,100,50,2.0,0.046,0.024,0.04,457,1864,490,558
v_z1iaol374e,101,50,2.0,0.054,0.024,0.016,28,1908,483,543
v_ogseyflsei,81,50,1.6,0.093,0.025,0.089,45,1902,418,522
v_f3udnghxgk,79,50,1.6,0.032,0.026,0.029,6,618,450,558
v_g7cepuuszn,199,50,4.0,0.049,0.027,0.044,10,1888,494,548
v_gqi2xjy8wt,160,50,3.2,0.043,0.027,0.04,2,1446,479,541
v_ifn0mds0ry,100,50,2.0,0.04,0.027,0.036,491,1619,471,544
v_w5acq1hkwr,143,50,2.9,0.055,0.027,0.048,3,1907,484,544
v_1if784vbeo,200,50,4.0,0.043,0.028,0.034,403,1613,494,567
v_ebzysvwmau,149,50,3.0,0.042,0.028,0.041,7,1870,496,543
v_bkrnhozz15,93,50,1.9,0.063,0.029,0.06,21,1914,461,530
v_u8lyja2jdb,141,50,2.8,0.044,0.03,0.04,123,1913,456,506
v_35qs647kgf,92,50,1.8,0.057,0.031,0.055,293,1913,482,555
v_rp6duayuvc,156,50,3.1,0.047,0.031,0.042,21,1635,441,501
v_1ax824k2y8,104,50,2.1,0.051,0.032,0.046,12,1908,498,554
v_bzgxoanxvr,75,50,1.5,0.086,0.033,0.084,163,1708,379,495
v_qakzfoi9kb,123,50,2.5,0.068,0.033,0.059,8,1730,519,600
v_nasozwjaax,100,50,2.0,0.072,0.036,0.061,612,1049,531,872
v_ef7bmdjv8u,80,50,1.6,0.072,0.038,0.07,12,1908,435,514
v_gmx64gg2j7,100,50,2.0,0.076,0.038,0.067,743,1488,488,700
v_x8dsc6pma4,139,50,2.8,0.074,0.038,0.072,16,1917,484,565
v_dp7u6lkn3b,150,50,3.0,0.076,0.039,0.057,46,1812,486,576
v_8d0rof4trx,65,50,1.3,0.117,0.04,0.116,11,1415,442,615
v_levngb8722,92,50,1.8,0.084,0.041,0.082,11,1916,478,570
v_mh1w1c2mir,141,50,2.8,0.086,0.041,0.082,12,1918,477,570
v_rgfangy0gm,113,50,2.3,0.072,0.042,0.05,9,1914,479,558
v_z5p04w55ay,90,50,1.8,0.077,0.043,0.07,11,1910,430,514
v_viheefgdy2,208,50,4.2,0.076,0.045,0.069,596,1915,410,530
v_1zk4d2a7w3,350,50,7.0,0.095,0.046,0.088,736,1085,509,1073
v_dl9s8yz1cg,59,50,1.2,0.165,0.046,0.159,11,1911,530,710
v_lucv0fydej,60,50,1.2,0.096,0.046,0.087,540,1902,479,626
v_d8dcwr4c6h,162,50,3.2,0.078,0.047,0.074,295,1915,446,546
v_wj7ufejqry,175,50,3.5,0.078,0.048,0.075,14,1914,432,517
v_rkx6t5hfzf,70,50,1.4,0.18,0.049,0.175,13,992,531,913
v_yeq1jn5z3m,126,50,2.5,0.098,0.049,0.082,720,1909,461,631
v_jgax6nabuw,219,50,4.4,0.091,0.05,0.083,16,1914,450,550
v_orxdogwhrp,119,50,2.4,0.104,0.05,0.09,755,1850,485,681
v_0olp6u47df,142,50,2.8,0.105,0.053,0.09,243,1901,499,630
v_16r2k1urc3,166,50,3.3,0.088,0.053,0.083,14,1915,454,550
v_chaotq9tlh,100,50,2.0,0.105,0.053,0.089,396,1003,375,734
v_hh9febk2cz,73,50,1.5,0.165,0.053,0.154,1002,1887,487,873
v_3klp90psrs,133,50,2.7,0.107,0.054,0.088,748,1172,528,1050
v_4me092c6p7,121,18,6.7,0.078,0.054,0.075,12,1913,472,557
v_krcbxf1mgh,124,50,2.5,0.097,0.056,0.089,1000,1911,511,732
v_xkra7pkrmn,216,50,4.3,0.079,0.056,0.075,8,1914,482,569
v_yy6k3ul21i,216,50,4.3,0.077,0.057,0.07,26,1628,454,554
v_6uvulemq24,152,50,3.0,0.117,0.059,0.108,952,1908,498,752
v_gwe497m3w7,100,50,2.0,0.117,0.059,0.1,221,1225,489,731
v_kq269jyo7m,182,50,3.6,0.087,0.059,0.083,9,1912,456,550
v_zanzg5ku9v,273,50,5.5,0.095,0.059,0.087,7,1916,464,567
v_g5ispywgbm,122,50,2.4,0.107,0.06,0.072,12,1915,446,563
v_azsh7mr6fm,105,50,2.1,0.132,0.061,0.119,999,1491,510,1065
v_r78ruifguo,100,50,2.0,0.13,0.061,0.125,952,1903,495,778
v_rfpmi29233,148,50,3.0,0.109,0.061,0.093,24,1916,443,562
v_xn5n2k0t7u,225,50,4.5,0.117,0.062,0.088,21,1907,493,622
v_jjnsr5u9r0,298,50,6.0,0.08,0.063,0.062,8,1906,474,561
v_1frst4tk1u,108,50,2.2,0.134,0.064,0.125,8,1008,504,782
v_3qiyfyeqir,100,50,2.0,0.133,0.064,0.114,747,1691,491,783
v_y46iu5il6o,25,50,0.5,0.286,0.064,0.281,21,988,454,1067
v_6cetwtfnwy,210,50,4.2,0.1,0.065,0.089,11,1914,449,558
v_onj8w2w89n,193,50,3.9,0.094,0.065,0.083,157,1910,447,559
v_ow21xl0j8b,258,50,5.2,0.127,0.065,0.117,12,1906,393,532
v_xph8z0dqlz,250,50,5.0,0.129,0.065,0.102,949,1625,184,578
v_j0s23hfxce,250,50,5.0,0.114,0.066,0.088,440,1496,444,668
v_1ucfougfdq,134,50,2.7,0.131,0.067,0.105,3,1566,506,680
v_arwepmq7lo,150,50,3.0,0.132,0.067,0.113,766,1814,492,753
v_ep91iqevu2,97,50,1.9,0.103,0.067,0.094,7,1915,491,604
v_q0kpcilcn5,40,50,0.8,0.252,0.067,0.245,8,994,515,1044
v_0qfyp2nwh7,194,50,3.9,0.107,0.068,0.102,6,1914,447,563
v_prbs5j0pjg,48,50,1.0,0.238,0.068,0.233,993,1895,518,1065
v_x8eztudc9g,97,50,1.9,0.115,0.068,0.11,8,1908,446,571
v_0lkfo9oisd,278,50,5.6,0.115,0.069,0.104,17,1912,469,594
v_ycol9zsyzz,176,50,3.5,0.127,0.069,0.115,9,1169,513,740
v_g7n43q3us9,193,50,3.9,0.138,0.07,0.109,4,1909,498,648
v_njdxvi6q31,161,50,3.2,0.097,0.07,0.086,7,1451,430,569
v_pnst3nrhe2,189,50,3.8,0.143,0.072,0.114,572,1106,511,1068
v_0gq5nphux2,59,50,1.2,0.15,0.075,0.139,580,1128,500,1067
v_1c93se7f7c,93,50,1.9,0.158,0.075,0.146,14,1914,417,589
v_e7tw3pbi57,60,50,1.2,0.249,0.075,0.243,1004,1902,494,1068
v_2a14i95fb1,150,50,3.0,0.152,0.076,0.133,300,1515,506,765
v_6yirhqbjkd,89,50,1.8,0.163,0.077,0.147,777,1893,482,784
v_n1syss296d,183,50,3.7,0.151,0.079,0.133,9,1396,482,707
v_03ah598sio,60,50,1.2,0.163,0.08,0.152,446,1097,520,1038
v_zskoepk3hb,313,50,6.3,0.099,0.08,0.088,7,1917,472,579
v_7in5htlyq9,416,50,8.3,0.109,0.081,0.099,8,1916,446,565
v_4zfo6uu651,326,50,6.5,0.134,0.082,0.11,8,1916,444,590
v_909vtg5cso,100,50,2.0,0.164,0.082,0.142,197,1012,327,743
v_72rhp26ocv,181,50,3.6,0.144,0.083,0.136,11,1916,458,615
v_jsn7m5mvui,283,50,5.7,0.099,0.083,0.089,13,1914,472,579
v_l5s9jvl1jc,176,50,3.5,0.156,0.084,0.127,11,1304,457,706
v_v7fxq3hdpk,79,50,1.6,0.235,0.084,0.226,5,1014,516,1000
v_9pr9v3zcju,91,50,1.8,0.227,0.085,0.214,997,1900,488,1009
v_cbrd8irjjf,257,50,5.1,0.514,0.085,0.213,637,1900,218,1062
v_g0otn7zr63,330,50,6.6,0.114,0.085,0.09,11,1909,468,593
v_m7ptcvlpcd,121,50,2.4,0.172,0.086,0.15,324,1021,548,1060
v_r1nrqpv36y,351,50,7.0,0.114,0.086,0.102,15,1908,427,552
v_qh610yk9yf,195,50,3.9,0.181,0.087,0.151,25,1074,491,848
v_66ok51q8hd,257,50,5.1,0.121,0.088,0.111,10,1911,467,599
v_x4eksunsl6,73,50,1.5,0.253,0.092,0.247,11,997,4,536
v_xo6huurf3z,333,50,6.7,0.123,0.092,0.112,20,1914,426,561
v_ekggzx1t6n,476,50,9.5,0.152,0.093,0.131,568,975,284,1060
v_xs2gjv79gc,494,50,9.9,0.175,0.095,0.148,925,1269,24,1078
v_39x8woytol,423,50,8.5,0.249,0.096,0.191,918,1528,230,1074
v_m67dsiqymq,184,50,3.7,0.219,0.102,0.195,1001,1902,28,532
v_lokbebedv7,275,50,5.5,0.184,0.103,0.131,14,1909,402,603
v_9ck6zdd4h4,103,50,2.1,0.236,0.105,0.214,994,1855,494,1063
v_lps71ppy5y,259,50,5.2,0.178,0.106,0.145,11,1243,437,737
v_helcprhhci,73,50,1.5,0.282,0.107,0.273,10,981,458,1060
v_49qj34264h,75,50,1.5,0.264,0.11,0.252,998,1906,466,1070
v_ajl3wk2lc0,106,50,2.1,0.246,0.11,0.231,10,1006,505,1017
v_ghbpt8zf27,524,50,10.5,0.182,0.111,0.166,633,991,6,1063
v_92oo8js7ly,176,50,3.5,0.246,0.115,0.231,10,980,8,534
v_rp40tg8chw,130,50,2.6,0.243,0.115,0.218,72,1009,502,1041
v_iiy142u5qe,125,50,2.5,0.274,0.116,0.262,6,1018,508,1070
v_epabhznuqh,255,50,5.1,0.227,0.118,0.208,981,1910,484,990
v_j3zkrt6psn,293,50,5.9,0.21,0.118,0.178,15,1440,422,728
v_016is7moli,99,50,2.0,0.269,0.119,0.256,11,1011,500,1058
v_a2g7g4jit6,107,49,2.2,0.241,0.121,0.225,317,1204,482,1044
v_mqxbbyj37q,307,50,6.1,0.19,0.122,0.157,11,1915,445,651
v_yavxxrcxfh,158,50,3.2,0.256,0.122,0.225,967,1905,489,1055
v_7zs7ujez77,247,50,4.9,0.27,0.125,0.256,6,1025,6,555
v_jk3ajckoy1,170,50,3.4,0.253,0.125,0.214,853,1835,491,1024
v_fnus3or5uk,98,50,2.0,0.261,0.127,0.044,2,1010,531,1069
v_mh5rq9z6do,103,50,2.1,0.261,0.128,0.153,331,1016,7,795
v_7a02wcioqx,253,49,5.2,0.235,0.129,0.176,472,1894,362,704
v_5rz3h63lya,407,50,8.1,0.212,0.13,0.187,12,1910,463,695
v_xtpxz2i7f9,154,50,3.1,0.271,0.133,0.074,659,1721,3,533
v_w84q90lc0d,463,50,9.3,0.263,0.134,0.203,928,1663,335,1078
v_hj8h7die0v,150,50,3.0,0.271,0.135,0.216,46,1006,134,718
v_hxgwnzuh81,326,50,6.5,0.244,0.136,0.19,233,1912,440,741
v_86musp73ib,240,50,4.8,0.282,0.141,0.235,171,1252,491,1031
v_k4mbw0dedd,113,50,2.3,0.284,0.141,0.252,982,1539,16,1072
v_lgfb0446yf,260,50,5.2,0.278,0.143,0.244,32,1883,495,807
v_2ov4eurzcx,300,50,6.0,0.304,0.151,0.261,243,1014,135,952
v_7jzbx1kbyd,348,50,7.0,0.287,0.151,0.249,969,1891,28,673
v_n4yxetanzq,562,50,11.2,0.271,0.151,0.138,806,1427,165,1073
v_wj0fmte8s2,291,50,5.8,0.302,0.153,0.226,28,1095,19,606
v_1rfeli831e,291,50,5.8,0.316,0.157,0.26,13,1008,8,666
v_wpq31witro,351,50,7.0,0.267,0.158,0.202,18,1914,448,740
v_dj505i8aur,205,50,4.1,0.295,0.159,0.232,660,1913,475,963
v_pjm5k0bonl,400,50,8.0,0.33,0.159,0.31,238,1527,49,581
v_3vf73dh5d4,360,50,7.2,0.285,0.163,0.202,8,1914,241,551
v_en1337d17s,376,50,7.5,0.331,0.165,0.262,10,983,4,711
v_m0apv0bhp4,352,50,7.0,0.33,0.166,0.088,737,1913,491,1073
v_tpa7f4x6rz,272,50,5.4,0.325,0.166,0.268,5,1107,460,1072
v_tpm3wmkwl7,400,50,8.0,0.326,0.166,0.296,737,1900,491,1073
v_w1felxwdf3,242,50,4.8,0.297,0.168,0.254,8,1917,482,805
v_ysjgglo9c9,395,50,7.9,0.285,0.168,0.196,9,1915,272,582
v_oiye6mz0h7,300,50,6.0,0.305,0.172,0.284,28,1485,129,563
v_4wjsidqazh,123,50,2.5,0.333,0.173,0.3,620,1915,8,541
v_dc11gl5xxe,200,50,4.0,0.341,0.174,0.26,133,1769,118,550
v_yv8co1twze,131,50,2.6,0.341,0.174,0.308,12,1011,360,1067
v_fil9plnxtb,862,50,17.2,0.302,0.176,0.14,485,1916,144,582
v_gvxtl15uol,323,50,6.5,0.351,0.176,0.261,28,1105,22,699
v_5ror9vxsrx,135,50,2.7,0.358,0.182,0.324,4,1905,488,879
v_ezo72gwc0x,347,50,6.9,0.346,0.184,0.195,20,1915,229,608
v_g5b5ouzen4,177,50,3.5,0.385,0.186,0.338,527,1898,484,1067
v_gv39eyu2it,398,50,8.0,0.325,0.186,0.251,14,1912,450,805
v_gz2ih75d5m,276,50,5.5,0.367,0.187,0.311,18,964,255,1061
v_v3cvijj3wj,190,50,3.8,0.378,0.189,0.324,5,1022,33,803
v_4yk41cgctw,218,50,4.4,0.34,0.19,0.306,22,1913,431,805
v_qhwdeycz4k,284,50,5.7,0.37,0.191,0.305,5,1023,4,758
v_t7190xits8,351,50,7.0,0.318,0.192,0.262,11,1916,458,804
v_5q12atu47j,279,50,5.6,0.343,0.193,0.272,17,1915,157,531
v_fvma7iy17p,200,50,4.0,0.392,0.193,0.323,306,1902,476,985
v_ofvu7esz8j,291,50,5.8,0.382,0.193,0.265,486,1255,18,1050
v_893vfcubr4,184,50,3.7,0.376,0.194,0.324,577,1915,3,587
v_ofarsuq8vl,357,50,7.1,0.352,0.194,0.287,484,1917,435,945
v_plbw8b98b4,348,50,7.0,0.358,0.196,0.284,733,1912,439,1068
v_u47h4byhne,384,50,7.7,0.381,0.197,0.3,728,1900,393,1066
v_miea28mrzi,148,50,3.0,0.385,0.198,0.324,17,1402,451,1026
v_swspir6x01,1030,50,20.6,0.366,0.198,0.219,49,1915,451,858
v_vpv44922u3,225,50,4.5,0.349,0.201,0.299,15,1916,428,808
v_6wikobtfep,152,50,3.0,0.421,0.203,0.342,216,1901,496,1014
v_8pvlxxj07o,408,50,8.2,0.362,0.203,0.266,19,975,275,1059
v_zkj78ivk4d,116,50,2.3,0.424,0.204,0.39,365,1911,499,1068
v_qvyqosu3fi,116,50,2.3,0.418,0.206,0.391,5,1600,520,1063
v_6qbarag8up,273,50,5.5,0.408,0.207,0.353,29,1740,26,520
v_a4gnl08tbo,273,50,5.5,0.415,0.207,0.274,22,1285,386,1067
v_8l3pjgmlfr,2350,50,47.0,0.336,0.208,0.25,19,1853,150,530
v_tnr816srce,373,50,7.5,0.405,0.21,0.314,212,1044,24,1033
v_x15g13uxl8,350,50,7.0,0.42,0.211,0.32,164,1308,297,1058
v_6m3wu0tbtk,235,50,4.7,0.426,0.212,0.347,19,1645,507,1049
v_3u1ern1dd8,400,50,8.0,0.412,0.213,0.339,195,1801,22,554
v_8pihfsoz2l,282,50,5.6,0.398,0.214,0.293,14,1914,278,712
v_4811jqqd80,531,50,10.6,0.383,0.215,0.265,9,1902,450,869
v_jyf2wrmys4,291,50,5.8,0.442,0.215,0.404,161,1656,426,1039
v_ciugrp2o9m,612,50,12.2,0.422,0.216,0.318,82,1592,493,1072
v_xnb5t79cbc,329,50,6.6,0.396,0.216,0.315,9,1911,141,573
v_q2xw9bmkzp,401,50,8.0,0.284,0.217,0.227,336,967,125,1059
v_83ejx1er6e,187,50,3.7,0.424,0.221,0.36,342,1779,448,1059
v_kgp4uv8vzv,506,50,10.1,0.421,0.221,0.254,9,1915,236,695
v_xjj5ysusnr,526,50,10.5,0.422,0.221,0.38,14,1917,476,936
v_n3tzq8pnwn,426,50,8.5,0.436,0.222,0.39,5,1081,218,1058
v_xsmkct74d9,431,50,8.6,0.44,0.225,0.394,11,1099,218,1057
v_eqw2r2olll,296,50,5.9,0.451,0.226,0.41,4,995,9,952
v_7si28cgmnh,380,50,7.6,0.404,0.227,0.273,24,1908,158,603
v_c7xy4ahz0j,471,50,9.4,0.452,0.227,0.357,933,1893,89,1065
v_yfocyu5g0z,75,50,1.5,0.455,0.227,0.445,1002,1902,12,1061
v_eaq9flrq1l,290,50,5.8,0.458,0.232,0.377,129,1017,7,1076
v_wgbdk5xom9,395,50,7.9,0.444,0.232,0.319,6,1119,247,1073
v_35pz17842k,240,50,4.8,0.448,0.233,0.351,153,1914,3,530
v_4p5q5r5c1g,380,50,7.6,0.47,0.233,0.369,737,1907,240,1073
v_n3c9i6q2j2,74,50,1.5,0.471,0.236,0.453,4,1909,8,521
v_7d29jccltt,749,50,15.0,0.452,0.237,0.306,19,1453,22,675
v_7dqgo9sa74,269,50,5.4,0.44,0.238,0.371,356,1909,475,1063
v_aqs97263gu,384,50,7.7,0.499,0.238,0.395,3,1836,6,570
v_es87pt0iw5,487,50,9.7,0.468,0.239,0.409,5,1867,6,527
v_bvci6cy9sf,211,50,4.2,0.481,0.241,0.385,554,1911,14,750
v_hx7dn7qak1,89,50,1.8,0.481,0.242,0.462,14,1899,3,532
v_ox8c8upqpj,164,50,3.3,0.486,0.242,0.454,13,1899,23,557
v_47itnytcm8,442,50,8.8,0.495,0.245,0.395,32,1888,18,571
v_ycnrrtjyh9,632,50,12.6,0.475,0.245,0.399,897,1893,88,1077
v_q26jh92rlw,270,50,5.4,0.483,0.246,0.405,17,1865,493,1035
v_884t99ixr1,90,50,1.8,0.483,0.247,0.457,14,1916,4,530
v_f10snu2xkp,348,50,7.0,0.489,0.247,0.36,42,1914,13,555
v_fxaamod873,714,50,14.3,0.481,0.248,0.429,16,1892,22,554
v_eoh93jsr7p,696,50,13.9,0.465,0.25,0.414,13,1885,23,539
v_l8vofatkq8,285,50,5.7,0.499,0.25,0.451,18,1913,5,551
v_pqzvda4stz,436,50,8.7,0.497,0.25,0.391,4,1909,7,548
v_r0nqu64v3j,391,50,7.8,0.489,0.251,0.205,10,1561,422,1075
v_f8ewm2eskx,517,50,10.3,0.499,0.252,0.418,4,1911,4,547
v_fhb1u2nl2i,184,24,7.7,0.505,0.252,0.427,116,1215,9,962
v_zlw3jo3muq,318,49,6.5,0.5,0.252,0.399,20,1015,22,1064
v_3u3i92ctzs,675,50,13.5,0.503,0.253,0.24,2,1776,488,1075
v_bw452p90sg,358,50,7.2,0.483,0.253,0.431,16,1914,11,539
v_nrsuxe1wsf,262,50,5.2,0.495,0.253,0.416,8,1906,7,547
v_pybagppb4s,382,50,7.6,0.505,0.253,0.433,7,1911,7,557
v_q4drgeylry,75,50,1.5,0.524,0.253,0.507,6,1907,489,1061
v_jryyut66bt,368,50,7.4,0.504,0.254,0.461,10,1907,8,559
v_j50haddllf,498,50,10.0,0.499,0.256,0.375,687,1893,23,881
v_n5ls4wz3qs,691,50,13.8,0.472,0.257,0.41,217,1916,480,1056
v_ur9snxybn7,463,50,9.3,0.523,0.257,0.428,8,1891,27,603
v_0482m44rij,605,50,12.1,0.485,0.258,0.383,931,1889,21,1071
v_fm3orkiqm3,294,50,5.9,0.514,0.258,0.47,8,1010,7,1071
v_97ara5h7ji,326,50,6.5,0.514,0.259,0.421,19,1038,21,1068
v_5aadlni3vv,378,50,7.6,0.508,0.26,0.356,10,1906,7,563
v_at0nazxy83,283,50,5.7,0.517,0.26,0.448,4,1014,12,1072
v_mq9espapy1,128,50,2.6,0.495,0.26,0.472,15,1916,13,553
v_kb75zilx4a,413,50,8.3,0.483,0.262,0.422,217,1918,478,1068
v_v9m84pk1vc,308,50,6.2,0.497,0.262,0.432,21,1042,60,1069
v_e02xeg1eb6,1214,50,24.3,0.459,0.263,0.295,623,1911,332,1072
v_yklggjts6g,347,50,6.9,0.487,0.263,0.453,16,1893,23,561
v_4htxrthq0e,519,50,10.4,0.529,0.264,0.384,8,1901,8,588
v_ktl59nnvxf,348,50,7.0,0.527,0.265,0.398,10,1914,499,1073
v_dgjxzoy3uq,512,50,10.2,0.535,0.266,0.395,13,1915,6,589
v_vjhjdo0zc8,446,50,8.9,0.509,0.266,0.409,897,1916,29,1065
v_ovul7e0w8r,412,50,8.2,0.508,0.267,0.086,18,1914,8,563
v_q0xa96jrat,526,50,10.5,0.52,0.267,0.408,555,1563,6,1076
v_vspb367lxw,585,50,11.7,0.525,0.267,0.449,17,1683,35,688
v_xeyv9j7rgl,640,50,12.8,0.505,0.267,0.064,29,1915,6,561
v_p3goz5vvrj,244,50,4.9,0.484,0.269,0.435,20,1911,4,534
v_rrpcqktcpy,438,50,8.8,0.538,0.269,0.414,9,1099,51,1075
v_dfalbm0mfs,393,50,7.9,0.519,0.271,0.36,8,1504,247,966
v_ol0i0552e6,202,50,4.0,0.518,0.271,0.477,12,1911,427,994
v_4en52xgn4n,588,50,11.8,0.479,0.272,0.321,11,1917,134,655
v_x8w1m7zdpk,351,50,7.0,0.521,0.272,0.475,8,1023,6,1069
v_i41wbsiepr,672,50,13.4,0.52,0.273,0.464,2,1015,10,1075
v_o081kolynu,306,49,6.2,0.535,0.273,0.426,19,1909,426,1012
v_fox5lw0r5b,648,50,13.0,0.521,0.274,0.447,28,1911,481,1054
v_m5jibd4jgv,389,50,7.8,0.548,0.274,0.418,10,1369,241,1077
v_4jida6kigm,511,50,10.2,0.512,0.275,0.489,7,1910,4,562
v_fpcpahbxbf,898,50,18.0,0.504,0.275,0.182,31,1916,8,562
v_j1uognqqlf,321,50,6.4,0.504,0.275,0.447,11,1908,11,562
v_cb4gcwzz7q,388,50,7.8,0.538,0.277,0.443,13,1084,24,1066
v_eea1grnl0f,223,50,4.5,0.546,0.277,0.478,24,1912,460,1059
v_l2k20habzo,563,50,11.3,0.539,0.277,0.379,234,1882,46,724
v_f9kd5a8snx,384,50,7.7,0.533,0.278,0.446,13,1916,491,1072
v_nh9zu506re,759,50,15.2,0.537,0.278,0.452,14,1896,415,1007
v_umpz5978de,644,23,28.0,0.52,0.278,0.494,41,1909,478,1055
v_mixd98kl95,255,50,5.1,0.503,0.28,0.451,23,1916,11,562
v_31eifwlrd7,180,50,3.6,0.539,0.281,0.49,12,1915,471,1058
v_fyo63znn4z,585,50,11.7,0.579,0.281,0.442,4,1605,270,1020
v_hp0fgwmq93,218,50,4.4,0.525,0.281,0.44,18,1917,3,577
v_i1f0mq97o4,496,50,9.9,0.517,0.281,0.42,12,1916,9,572
v_7sg36mgmvg,1406,50,28.1,0.542,0.282,0.436,29,1876,446,1055
v_vyo0osh1q5,350,50,7.0,0.527,0.282,0.407,9,1912,11,585
v_d0p6z84dd0,286,50,5.7,0.519,0.283,0.43,14,1915,2,568
v_m3cj8gi92l,502,50,10.0,0.546,0.284,0.364,8,1916,479,1073
v_cmduq2oh71,394,50,7.9,0.527,0.285,0.317,18,1822,8,614
v_4kh59dq51y,249,50,5.0,0.549,0.286,0.468,13,1916,474,1072
v_lbwq14v3yi,822,50,16.4,0.536,0.286,0.488,6,1891,487,1076
v_ljzgjdyt8f,395,50,7.9,0.541,0.287,0.426,10,1917,484,1072
v_r2m4vh7hnl,278,50,5.6,0.563,0.288,0.43,11,1836,424,1064
v_414kh4fpyv,334,50,6.7,0.546,0.29,0.508,26,1909,438,1039
v_nu9b9y1600,191,50,3.8,0.58,0.29,0.469,417,1627,8,1001
v_tj6g0xelsn,294,50,5.9,0.539,0.29,0.475,8,1914,481,1067
v_g0gia3odd4,532,50,10.6,0.579,0.291,0.397,15,1721,12,716
v_ut3x1byt8w,526,50,10.5,0.517,0.291,0.388,13,1917,454,1017
v_dqlla9ezqy,230,50,4.6,0.566,0.293,0.501,16,1890,444,1071
v_nxo50y3em6,1301,50,26.0,0.531,0.293,0.435,27,1911,465,1049
v_ui3kqvjak6,1607,50,32.1,0.537,0.293,0.405,8,1888,477,1069
v_gowtdh4du4,459,50,9.2,0.527,0.294,0.471,4,1915,466,1038
v_vir5c7x4kt,210,50,4.2,0.582,0.294,0.518,17,1915,437,1073
v_mvy5ar09ro,273,50,5.5,0.566,0.295,0.501,8,1918,454,1069
v_6u3gcsfgty,1363,50,27.3,0.55,0.296,0.374,36,1911,449,1057
v_hgs9gkp3jd,553,50,11.1,0.458,0.296,0.223,25,1017,105,1062
v_ue0rmkikjb,557,50,11.1,0.555,0.299,0.462,38,1915,447,1061
v_w34uc6dd9w,441,50,8.8,0.599,0.299,0.46,171,1367,18,1056
v_5nzhv8ol1z,262,50,5.2,0.596,0.3,0.537,52,1903,398,1066
v_9v4lxizqv8,1324,50,26.5,0.578,0.3,0.332,168,1838,12,731
v_486wdfj9mo,759,50,15.2,0.486,0.301,0.422,3,1032,94,1074
v_2dxvvipomi,450,50,9.0,0.573,0.302,0.122,18,1918,445,1071
v_37t2a4g7bo,438,50,8.8,0.576,0.302,0.354,10,1128,4,1073
v_9n7j8m0pig,243,50,4.9,0.572,0.303,0.49,19,1916,442,1067
v_jsv4gx9cu8,1303,50,26.1,0.546,0.303,0.461,837,1897,5,1073
v_5i4jzw90zw,324,50,6.5,0.565,0.304,0.477,5,1913,450,1064
v_zoqo2dlzf7,333,50,6.7,0.584,0.304,0.426,12,1911,90,728
v_ly006b7syj,352,50,7.0,0.563,0.305,0.458,10,1914,446,1059
v_lnz5vuvhh3,1497,50,29.9,0.556,0.306,0.455,26,1914,446,1057
v_9i12t94zbj,700,50,14.0,0.559,0.307,0.334,15,1916,13,623
v_bfrbbkugox,503,50,10.1,0.614,0.307,0.425,5,1347,7,955
v_ibqi9h7dtq,432,48,9.0,0.586,0.307,0.493,9,1914,6,645
v_v7f5m7bml6,630,50,12.6,0.566,0.307,0.412,20,1915,447,1067
v_0m47p9qc2e,872,50,17.4,0.556,0.308,0.395,812,1895,3,1068
v_kz8k32qnxe,272,50,5.4,0.564,0.311,0.483,10,1908,451,1068
v_82l4ut1dxp,443,50,8.9,0.615,0.312,0.495,633,1913,9,1005
v_dwvsv4sozj,568,50,11.4,0.619,0.312,0.414,17,1892,17,701
v_nv3egmlxyz,885,50,17.7,0.557,0.312,0.37,16,1915,444,1053
v_uj9809g41u,261,50,5.2,0.568,0.312,0.51,12,1915,440,1060
v_wrm9jhl51p,379,50,7.6,0.528,0.312,0.425,523,1915,235,1022
v_yzrlq8qm5e,190,50,3.8,0.597,0.312,0.523,10,1908,379,1032
v_0cet0jvgh0,404,50,8.1,0.625,0.313,0.55,4,1219,7,1074
v_a2xmufvfr6,428,50,8.6,0.565,0.313,0.518,7,1916,461,1075
v_fagig0safe,342,50,6.8,0.627,0.314,0.195,17,1264,24,1066
v_cydyt6lv4o,251,50,5.0,0.559,0.315,0.501,14,1912,445,1056
v_dcgc8us83o,391,50,7.8,0.576,0.316,0.512,22,1914,425,1056
v_ax0y6et3iz,341,50,6.8,0.514,0.318,0.473,620,1905,231,1060
v_cqfmzef0io,809,50,16.2,0.586,0.318,0.38,359,1913,283,1064
v_d0gty6z8ns,1027,50,20.5,0.577,0.318,0.491,768,1890,5,1071
v_1kkn624m4y,219,50,4.4,0.603,0.319,0.531,20,1915,8,668
v_80qrrv8mvb,341,50,6.8,0.654,0.319,0.615,434,1896,132,1059
v_2tleqfj7nj,659,50,13.2,0.611,0.32,0.458,238,1438,20,1077
v_435yrh9pf3,258,50,5.2,0.592,0.32,0.485,14,1910,416,1063
v_cfx26gf5ih,604,50,12.1,0.626,0.32,0.436,279,1899,31,832
v_92mimph37n,471,50,9.4,0.604,0.321,0.486,4,1916,414,1070
v_orw9zvkgmm,757,50,15.1,0.612,0.322,0.512,13,1898,334,1007
v_3x5izidfxi,839,50,16.8,0.632,0.324,0.413,6,1344,25,1004
v_a3o415fr7l,385,50,7.7,0.603,0.326,0.496,9,1917,11,666
v_wjwf1w4nct,486,50,9.7,0.653,0.328,0.341,11,1911,357,1070
v_2dg5vpr3ev,950,50,19.0,0.603,0.329,0.495,720,1895,7,1070
v_lb0rzorrvw,1471,50,29.4,0.621,0.33,0.282,590,1914,96,1068
v_oelokwlsns,682,50,13.6,0.614,0.33,0.598,5,1227,6,1047
v_06xnbcrtte,674,50,13.5,0.627,0.332,0.541,10,1226,5,1075
v_mtab2n1p50,525,50,10.5,0.646,0.333,0.535,377,1684,45,1070
v_snkfiomqma,442,50,8.8,0.652,0.333,0.545,374,1911,193,1072
v_d4s08f8kyr,425,50,8.5,0.65,0.334,0.483,1,1911,17,722
v_za5eni4z64,341,50,6.8,0.645,0.334,0.495,631,1909,14,1060
v_5ft8ei7wl6,541,50,10.8,0.654,0.335,0.324,6,1290,22,1078
v_0v8irqqbdx,320,50,6.4,0.672,0.336,0.495,198,1672,127,1072
v_80gl7l4gow,548,50,11.0,0.661,0.338,0.517,14,1890,337,1067
v_fvnjjs1zdp,382,50,7.6,0.652,0.338,0.517,10,1893,45,763
v_hwlrgksij1,436,50,8.7,0.662,0.338,0.589,8,1348,25,1049
v_i6nl9zk5xk,384,50,7.7,0.673,0.34,0.597,12,1351,27,1071
v_napxlnh1tp,271,50,5.4,0.654,0.341,0.581,9,1864,13,745
v_ufqvv9gm0j,812,50,16.2,0.625,0.341,0.49,689,1914,6,1063
v_zv816z8j30,164,50,3.3,0.685,0.342,0.621,2,1345,13,1071
v_qnqoa748uc,712,50,14.2,0.676,0.346,0.544,5,1320,9,1074
v_wib6sljoeg,331,50,6.6,0.689,0.346,0.629,29,1401,25,1066
v_3t2nhw1itn,587,50,11.7,0.661,0.347,0.59,11,1916,352,1071
v_bst0ifl4rr,569,50,11.4,0.693,0.347,0.552,16,1683,22,884
v_fx5a3x4e3l,575,50,11.5,0.675,0.347,0.351,8,1913,9,744
v_izt6xacsae,506,50,10.1,0.698,0.35,0.63,556,1909,6,1076
v_35ts89kc70,484,50,9.7,0.496,0.353,0.419,10,1097,115,1061
v_kf1dimgfp6,480,50,9.6,0.704,0.353,0.581,10,1378,6,1073
v_q0m77me4kf,702,50,14.0,0.698,0.354,0.523,122,1474,5,1076
v_54t7rssrl1,1144,50,22.9,0.658,0.355,0.362,30,1916,2,725
v_cqxc4611gu,355,50,7.1,0.702,0.355,0.61,15,1418,25,1063
v_6lntvu5hsw,811,50,16.2,0.66,0.356,0.564,534,1835,6,1058
v_ombin10joq,468,50,9.4,0.697,0.357,0.328,7,1388,14,1061
v_2fmgjnh78z,649,50,13.0,0.695,0.359,0.61,12,1360,6,1075
v_lpqla9nimx,735,50,14.7,0.689,0.359,0.52,555,1911,12,1065
v_d2p0at8zjk,445,50,8.9,0.556,0.36,0.47,9,1913,413,1019
v_7qghrkf045,495,50,9.9,0.695,0.361,0.536,30,1380,6,1073
v_gur784uswy,448,50,9.0,0.671,0.363,0.584,7,1915,10,740
v_7i1fjv48fj,458,50,9.2,0.718,0.365,0.588,28,1894,20,817
v_zvs8l9rjhk,605,50,12.1,0.7,0.367,0.594,14,1412,27,1066
v_6u53qcbvi2,530,50,10.6,0.688,0.368,0.552,12,1906,282,1036
v_iy6ir9y1cc,315,50,6.3,0.732,0.368,0.615,483,1912,7,1070
v_g8n7gev0de,2140,50,42.8,0.584,0.369,0.293,10,1834,150,814
v_ridp89v7cz,354,50,7.1,0.71,0.37,0.609,12,1419,23,1069
v_6zh07uddes,1299,50,26.0,0.681,0.371,0.615,571,1912,4,1057
v_9kr9rui4m2,798,50,16.0,0.696,0.372,0.534,194,1562,22,1077
v_nyq55ihebt,391,50,7.8,0.744,0.372,0.633,178,1696,60,1076
v_ottj4hz78a,349,50,7.0,0.72,0.372,0.569,9,1914,287,1070
v_47xhz9qtiu,209,50,4.2,0.754,0.376,0.628,9,1488,13,1070
v_sov86wyox7,481,50,9.6,0.744,0.376,0.628,4,1517,7,1027
v_7jbdkc75qp,744,50,14.9,0.66,0.377,0.51,446,1917,144,1074
v_dpweezpyhg,1974,50,39.5,0.423,0.379,0.361,5,1914,56,516
v_jic85cuptx,550,50,11.0,0.632,0.38,0.452,345,1741,133,1072
v_qhtdy6ja6d,337,50,6.7,0.748,0.38,0.338,369,1892,45,1065
v_64svlqlr48,2323,50,46.5,0.606,0.381,0.385,9,1834,126,814
v_rz7jl1o76i,2391,50,47.8,0.597,0.381,0.255,6,1853,231,901
v_tgr757fi0p,1040,50,20.8,0.713,0.381,0.426,24,1915,4,786
v_pdb5up0n67,386,50,7.7,0.729,0.382,0.626,21,1477,25,1063
v_8npa3vufqw,386,50,7.7,0.758,0.383,0.667,7,1896,241,1073
v_hkv0lgkqsg,416,50,8.3,0.756,0.384,0.601,444,1910,4,1074
v_ppitvq6as5,528,50,10.6,0.768,0.384,0.635,8,1907,205,1044
v_tvsey2aqde,931,50,18.6,0.703,0.384,0.464,8,1916,12,776
v_js8ndwx5mg,422,50,8.4,0.755,0.385,0.286,7,1913,251,1072
v_xdivdk2nee,775,50,15.5,0.713,0.385,0.509,10,1914,5,781
v_ib0w7zpo61,1301,50,26.0,0.717,0.387,0.576,437,1852,6,1056
v_lyruee6zx3,810,50,16.2,0.731,0.387,0.449,12,1907,262,1062
v_ts3xvp0nbr,407,50,8.1,0.757,0.388,0.621,4,1471,6,1077
v_5kzdz12amk,1342,50,26.8,0.711,0.389,0.554,513,1912,8,1062
v_jwv6aqex43,687,50,13.7,0.78,0.39,0.586,134,1866,12,946
v_0yvee8dwvp,487,50,9.7,0.781,0.391,0.606,5,1528,9,1072
v_c4o4wdri32,337,50,6.7,0.763,0.391,0.682,7,1915,10,839
v_64yi1nxfme,856,50,17.1,0.728,0.395,0.636,488,1915,4,1062
v_endcg53tby,456,50,9.1,0.767,0.395,0.641,18,1915,14,853
v_qfr4z12xqy,1233,50,24.7,0.732,0.395,0.408,9,1917,182,978
v_ffsm6r2786,584,50,11.7,0.782,0.396,0.685,9,1526,6,1075
v_fufsxgtl1z,320,50,6.4,0.757,0.397,0.61,15,1917,246,1071
v_5qp6bt9ej0,497,50,9.9,0.784,0.4,0.621,8,1908,3,859
v_ojxljjfi6a,690,50,13.8,0.783,0.401,0.545,358,1892,17,1076
v_9fp09c1apl,1930,50,38.6,0.767,0.402,0.57,14,1913,164,1001
v_ttlex0wmoo,1036,50,20.7,0.749,0.402,0.605,462,1914,2,1071
v_009evckk5b,437,50,8.7,0.618,0.403,0.501,532,1888,119,1063
v_yjdtzs85x2,1960,50,39.2,0.71,0.404,0.428,1,1911,234,1004
v_tyav7i5pg5,573,50,11.5,0.794,0.408,0.57,363,1912,5,1068
v_3tpe0xom25,499,50,10.0,0.836,0.409,0.748,19,1911,66,983
v_6hfs2wm2uq,287,50,5.7,0.786,0.409,0.644,20,1913,211,1071
v_4ceztjtdk9,382,50,7.6,0.82,0.41,0.381,8,1893,28,930
v_11tse3ozm8,1781,50,35.6,0.586,0.411,0.406,2,1915,138,773
v_g0w4h0n5lv,479,50,9.6,0.822,0.411,0.376,13,1662,16,1049
v_zy9hnd8sgb,360,50,7.2,0.805,0.411,0.622,19,1915,176,1057
v_rdkvw3xdhb,502,50,10.0,0.823,0.412,0.617,36,1713,47,1065
v_5zf32q9e12,450,50,9.0,0.807,0.413,0.478,26,1607,8,1066
v_8vlaenk9m7,484,50,9.7,0.819,0.413,0.587,75,1808,22,1002
v_lap54o1udb,1424,50,28.5,0.786,0.413,0.462,372,1896,2,1071
v_u5suwsfrj4,692,50,13.8,0.857,0.416,0.65,130,1915,79,1074
v_if64gkr487,310,50,6.2,0.79,0.417,0.586,8,1907,210,1073
v_m3rab2kn06,1037,50,20.7,0.774,0.417,0.592,387,1896,7,1071
v_n2wkb0122u,435,50,8.7,0.783,0.417,0.613,8,1907,215,1070
v_b0cm6xag1l,613,50,12.3,0.837,0.419,0.522,20,1719,43,1064
v_oavjsmzdgx,331,50,6.6,0.77,0.42,0.588,9,1910,226,1066
v_ijmprmyjjc,300,50,6.0,0.812,0.422,0.655,10,1917,185,1067
v_1v3nchg0m1,1006,50,20.1,0.8,0.424,0.503,48,1913,176,1066
v_p2fz0yzjbc,740,50,14.8,0.813,0.425,0.588,11,1861,36,947
v_uvlv5b63tq,623,50,12.5,0.8,0.425,0.675,3,1906,199,1070
v_wgwtu9o904,222,50,4.4,0.852,0.426,0.68,14,1689,4,1058
v_lk67j0ha5d,749,50,15.0,0.854,0.427,0.64,97,1891,19,1006
v_7x308d58h6,888,50,17.8,0.827,0.428,0.665,3,1895,161,1067
v_eilhfkjezh,2039,50,40.8,0.795,0.428,0.572,14,1832,164,1071
v_s72lvhj6f7,567,50,11.3,0.847,0.428,0.581,11,1695,15,1058
v_5q6t1y8qnc,2033,50,40.7,0.641,0.429,0.601,1,1917,230,924
v_ufvgcf60io,592,50,11.8,0.851,0.429,0.586,16,1897,87,1025
v_1wmgtwhmba,253,50,5.1,0.856,0.43,0.698,11,1917,139,1069
v_41owgessvl,1238,50,24.8,0.81,0.43,0.637,311,1910,7,1057
v_rd80vwe49j,512,50,10.2,0.745,0.43,0.476,4,1673,147,1072
v_sd11b3qtmn,573,50,11.5,0.837,0.43,0.724,9,1646,9,1070
v_0ln3dvoqc6,736,50,14.7,0.859,0.431,0.664,14,1817,19,1007
v_x0p4fqfqs6,303,50,6.1,0.837,0.431,0.738,19,1693,29,1065
v_9cfawmake9,567,50,11.3,0.838,0.432,0.448,13,1682,23,1064
v_9521tu20sn,1836,50,36.7,0.738,0.433,0.632,15,1895,206,1019
v_f5uw41z68a,534,50,10.7,0.864,0.433,0.298,13,1912,130,1074
v_z3m4v12n12,999,50,20.0,0.806,0.433,0.603,26,1864,8,918
v_0sv121zlkj,544,50,10.9,0.855,0.434,0.505,157,1819,4,1071
v_3w9lvhmxmg,593,50,11.9,0.865,0.434,0.685,17,1777,49,1068
v_b9y35x9ivz,1010,50,20.2,0.828,0.434,0.561,18,1910,155,1063
v_4lwre1hk2i,2139,50,42.8,0.639,0.435,0.6,2,1918,231,923
v_66vgjouhse,844,50,16.9,0.851,0.435,0.672,99,1771,23,1079
v_de89qf3qoo,1443,50,28.9,0.846,0.435,0.34,9,1889,3,935
v_msro59tnrz,403,50,8.1,0.722,0.435,0.609,12,1912,235,1024
v_eav0w7vfia,598,50,12.0,0.854,0.436,0.616,6,1913,4,933
v_al6ni38om9,2311,50,46.2,0.754,0.437,0.255,1,1853,229,1073
v_o2fog423rx,706,50,14.1,0.824,0.437,0.495,14,1630,10,1067
v_b37rbu0f9s,1372,50,27.4,0.818,0.438,0.704,292,1905,11,1062
v_45wu5fl5fj,614,50,12.3,0.879,0.439,0.716,99,1858,21,1057
v_kltit1l47h,727,50,14.5,0.877,0.439,0.661,15,1890,37,1007
v_z6jl3hed41,937,50,18.7,0.753,0.44,0.686,434,1914,7,1062
v_r8j0we04o9,665,50,13.3,0.883,0.441,0.595,81,1914,38,1036
v_89g16tb1o3,823,50,16.5,0.826,0.442,0.612,8,1752,93,1075
v_14gzpabiil,693,50,13.9,0.856,0.444,0.475,28,1915,116,1056
v_xi0nk7uks9,759,50,15.2,0.876,0.444,0.712,9,1895,44,1007
v_6ou19c7u2e,667,50,13.3,0.885,0.445,0.624,156,1896,19,1073
v_36ndvbe9fv,282,50,5.6,0.891,0.446,0.712,17,1907,5,983
v_38e4ejn0c6,492,50,9.8,0.889,0.446,0.732,11,1906,20,992
v_6td1zpco8g,1090,50,21.8,0.855,0.446,0.674,152,1855,16,1057
v_d4tafb949u,636,50,12.7,0.853,0.446,0.761,9,1716,33,1070
v_gjiimdfyfo,1390,50,27.8,0.877,0.446,0.482,44,1843,10,1021
v_x8vxrofn0b,471,50,9.4,0.889,0.446,0.58,168,1907,11,1071
v_8jl1tfoqar,573,50,11.5,0.851,0.447,0.717,16,1917,7,936
v_w6bltpllbf,551,50,11.0,0.893,0.448,0.784,6,1751,8,1070
v_asofep8mjo,507,50,10.1,0.889,0.449,0.708,16,1786,21,1063
v_hr8fepbf14,747,50,14.9,0.877,0.449,0.625,33,1911,13,981
v_91j6f4319k,765,50,15.3,0.873,0.45,0.63,29,1756,22,1071
v_n1q2cs6cu3,224,50,4.5,0.873,0.45,0.476,16,1908,117,1073
v_phrlhacv20,730,50,14.6,0.89,0.45,0.554,11,1897,28,1007
v_v5vdyfk95s,669,50,13.4,0.891,0.45,0.77,14,1889,22,1007
v_66fdsggq5l,473,50,9.5,0.864,0.451,0.526,3,1912,133,1072
v_yc5rqc1nfw,618,50,12.4,0.899,0.451,0.411,7,1804,23,1060
v_zt49ewdpo1,780,50,15.6,0.862,0.451,0.655,187,1905,15,1056
v_gtpkrv8up1,480,50,9.6,0.885,0.452,0.717,198,1912,6,1076
v_w37zq4rfsj,505,50,10.1,0.884,0.453,0.717,197,1912,9,1077
v_dp3dwhfdws,324,50,6.5,0.896,0.454,0.816,13,1799,24,1065
v_qhoua2184j,1904,50,38.1,0.795,0.454,0.571,9,1833,163,1067
v_bqgta1qpew,687,50,13.7,0.727,0.455,0.635,18,1910,274,1070
v_fvlzadc8cr,617,50,12.3,0.902,0.455,0.69,14,1828,22,1053
v_559vceo88b,445,50,8.9,0.913,0.456,0.669,4,1911,8,1001
v_ymd32fjhy8,2215,50,44.3,0.701,0.456,0.458,3,1912,100,861
v_e6axzz4gic,508,50,10.2,0.884,0.458,0.751,15,1757,16,1068
v_i6j2p8a7mw,962,50,19.2,0.901,0.458,0.778,99,1888,23,1067
v_id6qvskulr,740,50,14.8,0.891,0.459,0.722,8,1908,102,1074
v_06a65kr4uy,1917,50,38.3,0.853,0.46,0.74,27,1892,80,1029
v_2m8zbmtca0,415,50,8.3,0.72,0.461,0.62,114,1912,244,1074
v_ip05pwx481,554,50,11.1,0.925,0.462,0.536,24,1910,56,1073
v_qe86wrxwtz,1368,50,27.4,0.731,0.462,0.647,17,1905,263,1065
v_vuj62hae3z,486,50,9.7,0.924,0.462,0.757,17,1887,49,1073
v_7g4mkufzih,851,50,17.0,0.892,0.463,0.454,155,1913,8,1060
v_d1ix3aoh5r,977,50,19.5,0.877,0.463,0.688,8,1917,116,1069
v_05id2q6r4r,433,50,8.7,0.775,0.464,0.643,12,1911,227,1074
v_a6rwz1pyzg,473,50,9.5,0.925,0.464,0.666,47,1890,29,1070
v_fh3g81jzpt,614,50,12.3,0.9,0.464,0.776,22,1789,5,1062
v_ngt2uav5ar,1293,50,25.9,0.836,0.465,0.764,6,1918,119,1026
v_2srgg988dm,725,50,14.5,0.913,0.466,0.825,9,1902,6,1006
v_fgp0mlcifa,1328,50,26.6,0.912,0.466,0.542,72,1888,14,1055
v_tmtlj3gns9,411,50,8.2,0.931,0.466,0.568,13,1898,21,1046
v_u0yrf7knef,740,50,14.8,0.928,0.466,0.606,7,1893,45,1066
v_9xqqoa527s,348,50,7.0,0.933,0.467,0.703,11,1855,9,1059
v_jnixee5qd2,899,50,18.0,0.874,0.467,0.575,29,1905,97,1064
v_1us0n1cwou,1027,50,20.5,0.735,0.469,0.686,3,1913,229,1028
v_ieo9n9k1s2,940,50,18.8,0.895,0.469,0.562,6,1916,101,1073
v_tbf39o7or8,460,50,9.2,0.938,0.469,0.789,4,1894,27,1055
v_uwiy7e3jox,646,50,12.9,0.917,0.469,0.773,6,1890,46,1055
v_vcn6ydcvfw,612,50,12.2,0.934,0.469,0.526,9,1823,9,1076
v_8x4x1xg6lj,1072,50,21.4,0.906,0.47,0.657,86,1887,16,1058
v_dricsnxpwm,1256,50,25.1,0.918,0.47,0.386,25,1836,6,1057
v_n0uigtr3zg,1944,50,38.9,0.7,0.47,0.605,3,1918,167,924
v_k27cij6khm,1347,50,26.9,0.917,0.471,0.701,70,1888,14,1060
v_qdwbssk6iw,636,50,12.7,0.941,0.471,0.723,13,1892,25,1063
v_ztz69akqyn,2169,50,43.4,0.771,0.472,0.254,2,1911,234,1071
v_0cx8pn55k6,578,50,11.6,0.945,0.473,0.625,6,1908,8,1038
v_cvxg0ipw1y,1526,50,30.5,0.835,0.473,0.791,4,1915,120,1026
v_rtswqmqtv8,436,50,8.7,0.93,0.473,0.699,12,1892,41,1067
v_xeac18rgky,635,50,12.7,0.93,0.473,0.767,17,1866,12,1055
v_yha9cvj460,644,50,12.9,0.917,0.473,0.348,113,1913,6,1063
v_cu5vdgw0o4,549,50,11.0,0.948,0.474,0.742,14,1897,28,1072
v_i50aelmzhe,819,50,16.4,0.829,0.474,0.777,39,1917,111,1026
v_lfij16lwno,1204,50,24.1,0.929,0.474,0.605,30,1889,25,1061
v_patj5eslks,389,50,7.8,0.842,0.474,0.658,81,1913,122,1075
v_qzknl5ks80,669,50,13.4,0.674,0.474,0.601,178,1910,257,1064
v_xtupvcuike,1658,50,33.2,0.861,0.474,0.719,6,1914,64,1001
v_cav4yuf2nt,913,50,18.3,0.925,0.475,0.742,10,1894,14,1031
v_cs67wr28oo,740,50,14.8,0.939,0.476,0.644,16,1889,23,1063
v_j9rmdxsnd6,1418,50,28.4,0.919,0.476,0.347,98,1889,3,1067
v_pq1sbhvyhr,385,50,7.7,0.929,0.476,0.762,12,1871,25,1062
v_sfdsgthzec,505,50,10.1,0.726,0.476,0.676,7,1912,235,1025
v_tv9kdhbl8a,938,50,18.8,0.936,0.476,0.44,25,1854,5,1066
v_uwjq66lubl,1348,50,27.0,0.912,0.476,0.563,22,1835,12,1055
v_afhs8e8chi,508,50,10.2,0.946,0.477,0.711,12,1893,24,1067
v_dcjnznbgyl,470,50,9.4,0.954,0.477,0.358,5,1860,5,1072
v_3hwakpnt2u,683,50,13.7,0.946,0.478,0.663,5,1889,28,1068
v_bri1mjtu84,1497,50,29.9,0.841,0.478,0.778,4,1913,161,1074
v_o58s34n4v4,777,50,15.5,0.949,0.478,0.546,17,1895,24,1072
v_qpk6shm347,657,50,13.1,0.944,0.478,0.688,2,1840,4,1070
v_umxus4qpys,638,50,12.8,0.946,0.478,0.718,12,1892,21,1064
v_z9lzy1x9qq,423,50,8.5,0.856,0.479,0.447,9,1918,133,1063
v_2qw29fl407,716,50,14.3,0.935,0.48,0.447,31,1916,11,1039
v_5z7tempma0,991,50,19.8,0.923,0.48,0.651,28,1860,10,1055
v_d93kakshvf,685,50,13.7,0.951,0.48,0.821,28,1894,16,1073
v_l98kjdhlf5,612,50,12.2,0.962,0.48,0.668,5,1911,7,1053
v_n7htxw20g2,289,50,5.8,0.954,0.48,0.827,9,1918,9,1046
v_ql3p1khdu1,1184,50,23.7,0.918,0.48,0.631,31,1859,11,1053
v_v96limuqcj,1009,50,20.2,0.921,0.48,0.74,33,1859,9,1055
v_8jv6dun7ud,797,50,15.9,0.961,0.481,0.667,4,1893,22,1076
v_9iqvhfvfcw,2458,50,49.2,0.769,0.481,0.595,8,1853,154,1018
v_fellnhgoex,692,50,13.8,0.945,0.481,0.743,12,1887,21,1067
v_icb6pqzzd8,657,50,13.1,0.945,0.481,0.77,13,1883,20,1069
v_l6bxvtn603,777,50,15.5,0.946,0.481,0.711,14,1889,24,1070
v_mbp49m4pdk,554,50,11.1,0.951,0.481,0.747,26,1912,8,1054
v_sxrumnp73g,862,50,17.2,0.943,0.481,0.444,17,1902,10,1047
v_u0aw3nym1a,697,50,13.9,0.92,0.481,0.606,15,1910,60,1067
v_2zv813prko,650,50,13.0,0.951,0.482,0.845,9,1892,18,1066
v_cigtcgy9ck,465,50,9.3,0.953,0.482,0.804,10,1883,21,1076
v_e7mpxse5t0,599,50,12.0,0.961,0.482,0.635,10,1895,14,1071
v_hj9saknm6k,930,50,18.6,0.948,0.482,0.677,14,1894,22,1067
v_qjnmogw2ym,726,50,14.5,0.933,0.482,0.711,5,1892,30,1055
v_3g05g0gp9l,832,50,16.6,0.946,0.483,0.772,28,1889,0,1053
v_6mboikyoay,311,50,6.2,0.945,0.483,0.849,15,1885,21,1069
v_n05s566w3d,526,50,10.5,0.965,0.483,0.545,7,1887,8,1073
v_pcszczxqnd,682,50,13.6,0.84,0.483,0.662,4,1914,162,1074
v_30pmnl0zcr,549,50,11.0,0.938,0.484,0.86,16,1894,23,1059
v_8vl9btmpr8,666,50,13.3,0.904,0.484,0.733,17,1789,7,1065
v_ef3r28lnxa,646,50,12.9,0.936,0.484,0.859,11,1828,4,1072
v_0csnwwbxbf,1282,50,25.6,0.924,0.485,0.588,24,1855,10,1057
v_0gazlo3h1g,1327,50,26.5,0.941,0.485,0.722,23,1888,11,1058
v_5mb9el9yca,828,50,16.6,0.924,0.485,0.648,19,1839,9,1062
v_drmwv7yc7f,867,50,17.3,0.923,0.485,0.734,26,1833,5,1064
v_n3wxjglg5m,397,50,7.9,0.951,0.485,0.419,5,1894,29,1073
v_sofr0v9nlx,673,50,13.5,0.919,0.485,0.628,7,1917,38,1036
v_47qiqdd53d,1052,50,21.0,0.913,0.486,0.743,109,1909,6,1058
v_6ed2tae1m9,571,50,11.4,0.812,0.486,0.693,7,1909,95,980
v_lt5a6jthkm,744,50,14.9,0.946,0.486,0.69,4,1895,28,1066
v_8mf2c7lt88,930,50,18.6,0.96,0.487,0.76,9,1895,21,1077
v_ke1pth6jke,516,50,10.3,0.959,0.487,0.763,4,1868,9,1076
v_ldjrn66cfs,750,50,15.0,0.969,0.487,0.722,10,1888,7,1077
v_ruccqn4bj4,1039,50,20.8,0.943,0.487,0.715,26,1906,12,1052
v_uhzhygtzwf,935,50,18.7,0.963,0.487,0.752,4,1900,20,1073
v_0jyl3xgw4x,501,50,10.0,0.967,0.488,0.365,11,1898,6,1068
v_13eo01xla7,670,50,13.4,0.947,0.488,0.71,24,1904,10,1055
v_565pjvps1h,1083,50,21.7,0.955,0.488,0.416,23,1913,10,1057
v_62fv7qr819,1353,50,27.1,0.934,0.489,0.697,29,1918,15,1040
v_a0kxnrunu6,313,50,6.3,0.976,0.489,0.809,15,1916,6,1071
v_ckqfkwa4nl,2404,50,48.1,0.729,0.489,0.59,5,1916,131,923
v_daqso071ui,766,50,15.3,0.944,0.489,0.677,23,1910,18,1056
v_eegu44ulko,1370,50,27.4,0.943,0.489,0.743,24,1887,7,1056
v_k3pqsortkz,432,50,8.6,0.972,0.489,0.792,11,1908,10,1073
v_r76sg0ch1d,861,50,17.2,0.79,0.489,0.57,6,1916,214,1071
v_22f62i1jvu,612,50,12.2,0.968,0.49,0.487,9,1891,8,1075
v_6jt9d3hb2d,466,50,9.3,0.958,0.49,0.834,10,1893,20,1075
v_bloltk7cdy,1021,50,20.4,0.96,0.49,0.7,21,1914,6,1057
v_kdmdd1d3bi,841,50,16.8,0.922,0.49,0.783,24,1852,13,1059
v_n27nh7bsdb,493,50,9.9,0.977,0.49,0.648,11,1910,6,1073
v_umwtsufxx0,393,50,7.9,0.979,0.49,0.419,7,1909,6,1074
v_ycp1vfa56v,1396,50,27.9,0.922,0.49,0.746,23,1841,7,1059
v_bgyqee9f8k,1345,50,26.9,0.958,0.491,0.568,26,1919,8,1057
v_f2z13lvspo,609,50,12.2,0.971,0.491,0.71,5,1909,11,1068
v_gjy3oi2hxt,188,50,3.8,0.976,0.491,0.658,11,1916,8,1071
v_t8vcih7b0c,457,50,9.1,0.957,0.491,0.835,8,1893,24,1077
v_z3dejqz4if,657,50,13.1,0.952,0.491,0.764,6,1901,6,1047
v_4s5bnsrbka,1416,50,28.3,0.956,0.492,0.456,30,1916,3,1054
v_639xl5t6pw,872,50,17.4,0.948,0.492,0.804,33,1906,9,1059
v_nos5a59nd1,512,50,10.2,0.984,0.492,0.682,7,1913,4,1075
v_ql3fxinb9c,224,50,4.5,0.965,0.492,0.861,11,1914,7,1059
v_w5d121wswc,495,50,9.9,0.978,0.492,0.741,12,1908,8,1077
v_x9z01z87ny,730,50,14.6,0.962,0.492,0.77,5,1896,21,1076
v_682q2k39tj,587,50,11.7,0.977,0.493,0.838,12,1912,7,1073
v_phhw0nu2ho,517,50,10.3,0.983,0.493,0.694,11,1913,4,1076
v_uwoeuu2vjm,785,50,15.7,0.942,0.493,0.752,18,1888,21,1065
v_92pneq7ryf,435,50,8.7,0.976,0.494,0.777,6,1906,5,1070
v_9ixri4iyos,677,50,13.5,0.903,0.494,0.733,62,1909,66,1079
v_cwux2pnn27,827,50,16.5,0.969,0.494,0.689,12,1914,4,1060
v_g2h9nhfs3e,472,50,9.4,0.971,0.494,0.793,9,1910,7,1066
v_jl82ite2ww,411,50,8.2,0.982,0.494,0.684,6,1914,7,1074
v_n0u2nnf1uy,961,50,19.2,0.953,0.494,0.428,26,1919,15,1059
v_rhzuui7xg4,414,50,8.3,0.981,0.494,0.478,3,1910,7,1074
v_3rf7kxf79v,1148,50,23.0,0.96,0.495,0.656,31,1913,0,1058
v_6t27me9795,815,50,16.3,0.958,0.495,0.828,11,1893,11,1066
v_8gkbjfddmn,1329,50,26.6,0.943,0.495,0.645,27,1907,16,1056
v_k10iuc2ten,433,50,8.7,0.983,0.495,0.885,6,1913,6,1075
v_sbms9wp2ax,720,49,14.7,0.937,0.495,0.65,9,1918,14,1032
v_xlbyex6ysj,1300,50,26.0,0.953,0.495,0.57,29,1912,9,1059
v_yikgdwhu5w,643,50,12.9,0.973,0.495,0.396,9,1908,6,1069
v_8ylgn85u4d,1150,50,23.0,0.95,0.496,0.741,29,1908,11,1060
v_9t0kzkz7c4,1395,50,27.9,0.937,0.496,0.607,25,1898,16,1053
v_rtdqdcdeju,1188,50,23.8,0.931,0.496,0.577,18,1913,5,1023
v_u1nkulogwc,784,50,15.7,0.982,0.496,0.816,9,1914,6,1075
v_x7vnc140it,1430,50,28.6,0.948,0.496,0.524,55,1896,5,1072
v_1k7v9hjrrc,663,50,13.3,0.954,0.497,0.435,9,1897,21,1070
v_cbg48cgm1n,445,50,8.9,0.98,0.497,0.88,5,1914,6,1070
v_kyc1clybql,1141,50,22.8,0.96,0.497,0.734,28,1917,1,1056
v_slduobww75,985,50,19.7,0.971,0.497,0.746,7,1888,5,1075
v_tg8z52heqy,1784,50,35.7,0.879,0.497,0.741,22,1897,84,1056
v_34t3979wwl,770,50,15.4,0.763,0.498,0.674,4,1916,242,1070
v_dnmntbkb2r,486,50,9.7,0.966,0.498,0.74,11,1911,4,1058
v_ehncupbcqt,231,50,4.6,0.963,0.498,0.846,8,1912,9,1058
v_h86pmd8atw,1750,50,35.0,0.874,0.498,0.765,3,1915,120,1069
v_s4pu77g6f4,1006,50,20.1,0.786,0.499,0.769,122,1918,118,1026
v_t61sy73x7t,747,50,14.9,0.956,0.499,0.821,10,1888,22,1076
v_0swh37qinu,623,50,12.5,0.954,0.5,0.84,14,1895,22,1074
v_d6u9idqt00,893,50,17.9,0.952,0.5,0.812,27,1907,4,1055
v_i1cg1t05hq,807,50,16.1,0.948,0.5,0.703,23,1900,13,1060
v_rapiflf8pk,371,50,7.4,0.982,0.5,0.873,4,1911,5,1073
v_7zsxx5w32v,810,50,16.2,0.96,0.501,0.504,11,1891,19,1077
v_e26pxnknij,876,50,17.5,0.963,0.501,0.737,23,1907,7,1067
v_hy2wirmd0a,1710,50,34.2,0.964,0.501,0.485,40,1916,7,1072
v_mcrx7yyvx8,718,50,14.4,0.945,0.501,0.519,7,1844,4,1071
v_mtcqmvika3,1232,50,24.6,0.967,0.501,0.523,6,1894,9,1072
v_12togp1s1x,549,50,11.0,0.978,0.502,0.805,5,1907,8,1074
v_1utyf6ckw3,470,50,9.4,0.902,0.502,0.798,10,1917,93,1074
v_8cmfm0ydqu,640,50,12.8,0.879,0.502,0.766,13,1911,109,1070
v_wmrthoong8,744,50,14.9,0.957,0.502,0.497,34,1913,13,1069
v_0ofnytwerz,958,50,19.2,0.971,0.503,0.83,2,1898,16,1078
v_1ptmk9o2di,426,50,8.5,0.955,0.503,0.731,8,1917,11,1048
v_eq51s4bt3a,1463,50,29.3,0.966,0.503,0.544,9,1889,3,1069
v_1ho22fu1t4,923,50,18.5,0.963,0.504,0.72,8,1893,15,1074
v_b0ge2kn580,947,50,18.9,0.968,0.504,0.542,31,1916,5,1069
v_hxstucb9uf,1060,50,21.2,0.959,0.504,0.79,23,1919,9,1058
v_i7ytmdmi6y,936,50,18.7,0.966,0.504,0.766,20,1914,4,1062
v_jan9vil7e9,494,50,9.9,0.963,0.504,0.838,17,1908,6,1062
v_pj5m5n2y5u,1976,50,39.5,0.743,0.504,0.682,15,1907,205,1020
v_4j4yizs3uu,352,50,7.0,0.978,0.505,0.854,9,1910,7,1075
v_5zet714gdd,1102,50,22.0,0.962,0.505,0.533,12,1893,11,1072
v_c7gtxc0fr8,907,50,18.1,0.959,0.505,0.784,23,1906,3,1059
v_xyqtkipw5q,1141,50,22.8,0.97,0.505,0.397,4,1897,9,1072
v_zpnkbf6q4z,670,50,13.4,0.987,0.505,0.781,3,1914,4,1075
v_2sbpa6ukbw,889,50,17.8,0.962,0.506,0.644,16,1915,6,1057
v_bd895pzz8v,627,50,12.5,0.887,0.506,0.779,3,1915,109,1071
v_fpx8odvwin,1654,50,33.1,0.968,0.506,0.392,30,1918,4,1067
v_xjz0zsu3k8,542,50,10.8,0.979,0.506,0.9,11,1908,5,1075
v_zcydmzvisw,738,50,14.8,0.967,0.506,0.687,9,1892,7,1071
v_ka2mah9fb2,1011,50,20.2,0.964,0.507,0.732,23,1894,3,1071
v_xfffao3c5j,905,50,18.1,0.964,0.507,0.844,3,1893,19,1077
v_gg03blsv5u,1045,50,20.9,0.965,0.508,0.696,14,1892,5,1071
v_hzkxd754wa,1065,50,21.3,0.97,0.508,0.584,13,1909,12,1073
v_iug0iq1t6z,2412,50,48.2,0.817,0.508,0.291,21,1853,147,1072
v_kse1f16zqz,1120,50,22.4,0.949,0.508,0.746,28,1911,9,1055
v_lywy2c8edt,1186,50,23.7,0.954,0.508,0.665,18,1918,13,1054
v_qcgzg9w8js,564,50,11.3,0.816,0.508,0.75,3,1915,94,979
v_xkw6ky9td3,769,50,15.4,0.971,0.508,0.814,15,1911,4,1066
v_3cmp7nv5ce,1558,50,31.2,0.968,0.509,0.544,9,1897,9,1072
v_jedkzia1gx,1075,50,21.5,0.8,0.509,0.671,9,1918,199,1068
v_vllf2002pa,1587,50,31.7,0.759,0.509,0.514,5,1909,87,914
v_vzhmsl0kfn,2580,50,51.6,0.843,0.509,0.623,10,1836,113,1071
v_tcgtslg45u,876,50,17.5,0.742,0.51,0.647,20,1912,257,1070
v_u8d5ssekmk,1690,50,33.8,0.76,0.51,0.578,2,1913,126,951
v_gig403rlnb,681,50,13.6,0.969,0.511,0.596,6,1915,14,1066
v_jqyqscgn3u,1008,50,20.2,0.968,0.511,0.781,19,1909,4,1065
v_nnkie3gs8k,861,50,17.2,0.969,0.511,0.439,12,1895,3,1070
v_d7t9ngw30t,905,50,18.1,0.957,0.512,0.466,18,1908,9,1060
v_dxbho9fe0e,1181,50,23.6,0.969,0.512,0.714,18,1910,7,1068
v_gtlysat334,1041,50,20.8,0.969,0.512,0.71,9,1891,6,1074
v_ij6h5dqys9,1204,50,24.1,0.97,0.512,0.692,8,1892,4,1071
v_w3x7k7cs3n,1070,50,21.4,0.963,0.512,0.747,16,1892,8,1072
v_961gu1h6l9,850,50,17.0,0.963,0.513,0.619,20,1917,4,1057
v_e3m2cidj4i,1883,50,37.7,0.811,0.513,0.635,3,1918,120,998
v_hxhjthxc4s,978,50,19.6,0.969,0.513,0.472,7,1896,9,1073
v_856x3vz6nf,1078,50,21.6,0.982,0.514,0.567,11,1916,5,1075
v_pi9kgx1vrf,671,50,13.4,0.963,0.515,0.822,23,1916,8,1063
v_qfj24z0tod,680,50,13.6,0.984,0.515,0.879,2,1913,4,1072
v_qyqmroaohi,768,50,15.4,0.96,0.515,0.661,30,1915,8,1064
v_utut3z28ew,1686,50,33.7,0.974,0.515,0.624,9,1898,4,1073
v_uyvk53j72t,866,50,17.3,0.965,0.515,0.792,14,1915,6,1059
v_dfs0mpqa9g,1423,50,28.5,0.96,0.516,0.82,10,1916,2,1046
v_kbate8w30c,503,50,10.1,0.979,0.516,0.721,8,1917,8,1071
v_r1fjqfzkm8,2082,50,41.6,0.833,0.517,0.648,4,1916,131,1035
v_8gjlvx2xkh,1113,50,22.3,0.963,0.518,0.801,22,1910,4,1062
v_cbyg1lbnjg,375,50,7.5,0.975,0.518,0.724,7,1914,9,1069
v_i0q42z9wgi,1396,50,27.9,0.881,0.519,0.636,3,1917,116,1070
v_u842awhaum,1051,50,21.0,0.967,0.519,0.792,25,1914,5,1066
v_3cfwxaw23f,1272,50,25.4,0.971,0.52,0.674,9,1890,3,1073
v_6y13ktvjcl,974,50,19.5,0.98,0.52,0.419,7,1915,5,1070
v_m7wtyvq3te,1947,50,38.9,0.847,0.52,0.751,3,1916,123,1041
v_6tu2ll68j7,711,50,14.2,0.841,0.522,0.77,7,1908,109,1026
v_l87qohjefj,919,50,18.4,0.98,0.522,0.758,10,1916,6,1072
v_2qk0318kkn,945,50,18.9,0.969,0.523,0.811,19,1915,5,1065
v_54fvpyqili,1229,50,24.6,0.967,0.523,0.48,19,1911,4,1064
v_7w01qhnnsk,512,50,10.2,0.913,0.523,0.828,10,1916,78,1071
v_cirth50shb,1138,50,22.8,0.969,0.523,0.726,37,1916,3,1072
v_5kiqxe9rtu,673,50,13.5,0.983,0.524,0.778,9,1918,4,1072
v_nolmtad7q3,821,50,16.4,0.904,0.525,0.774,5,1909,91,1075
v_rdl3k590t8,1356,50,27.1,0.983,0.525,0.563,6,1913,2,1071
v_rtjr9nfl2l,2038,50,40.8,0.863,0.525,0.729,5,1913,135,1073
v_2xxuzy5797,576,50,11.5,0.901,0.526,0.793,11,1916,89,1071
v_xromkrk2s1,1048,50,21.0,0.757,0.526,0.68,13,1909,245,1074
v_geaqsc39cv,1468,50,29.4,0.862,0.527,0.683,5,1916,137,1072
v_o30p1gmvq5,1567,50,31.3,0.981,0.528,0.765,11,1917,3,1070
v_gayqytmy29,1208,50,24.2,0.979,0.529,0.491,16,1910,2,1073
v_jv0vemnih4,431,50,8.6,0.884,0.529,0.822,11,1917,98,1060
v_4qgojdnkm8,1633,50,32.7,0.986,0.531,0.73,7,1916,3,1074
v_bn0q4d649g,2042,50,40.8,0.873,0.531,0.32,5,1914,97,1045
v_h7qqm11iv8,1745,50,34.9,0.981,0.531,0.679,8,1917,6,1072
v_omyp1xkhzi,1339,50,26.8,0.894,0.533,0.535,10,1911,98,1073
v_dxaiffbde2,620,50,12.4,0.851,0.534,0.71,6,1914,57,982
v_c3fcac99gs,2163,50,43.3,0.846,0.536,0.724,12,1864,83,1030
v_yjiuep55bx,1192,50,23.8,0.882,0.537,0.785,4,1914,116,1074
v_sbauhcgu50,769,50,15.4,0.915,0.538,0.735,3,1911,80,1074
v_68b517whvt,656,50,13.1,0.908,0.54,0.8,10,1912,84,1075
v_u0dd9s6zum,295,50,5.9,0.723,0.541,0.682,12,1897,219,1014
v_97m20qsr8f,1238,50,24.8,0.775,0.542,0.691,5,1915,230,1072
v_x1sqnaalv9,2123,50,42.5,0.878,0.542,0.734,3,1910,112,1067
v_qxwgg5f9u7,1074,50,21.5,0.862,0.547,0.753,3,1915,136,1071
v_tuurie10h3,2518,50,50.4,0.868,0.547,0.548,4,1909,123,1068
v_m5g2y8vh0d,1160,50,23.2,0.843,0.548,0.764,5,1914,156,1072
v_0mp55gehz5,1453,50,29.1,0.773,0.549,0.628,9,1912,225,1068
v_6ppzvcvepe,1123,50,22.5,0.862,0.55,0.704,22,1909,124,1071
v_ana2wo5yov,1253,50,25.1,0.774,0.552,0.674,16,1907,218,1066
v_bapchxld41,1690,50,33.8,0.886,0.553,0.688,2,1918,116,1075
v_vqd6vsqluf,1671,50,33.4,0.857,0.554,0.676,11,1896,76,1019
v_ukg65bunoc,2539,50,50.8,0.882,0.558,0.683,9,1914,110,1069
v_0s8cb4es83,2051,50,41.0,0.866,0.559,0.706,7,1914,69,1011
v_gyul6am8ea,888,50,17.8,0.914,0.563,0.814,25,1903,66,1075
v_awslkgu4yp,2092,50,41.8,0.865,0.564,0.735,16,1901,79,1030
v_fbotggz6sd,918,50,18.4,0.845,0.564,0.685,12,1904,130,1056
v_l80snfk4hi,1358,50,27.2,0.895,0.564,0.771,14,1898,83,1068
v_gvk6mfop1q,1503,50,30.1,0.881,0.565,0.789,14,1895,84,1055
v_sr4yvyb4w0,1013,50,20.3,0.925,0.567,0.827,6,1911,67,1074
v_bgi9ktcgda,2158,50,43.2,0.843,0.569,0.723,12,1855,121,1069
v_ywzpnf3fxa,2340,50,46.8,0.869,0.57,0.629,4,1916,84,1027
v_rcwswmbb9b,928,50,18.6,0.917,0.571,0.725,5,1908,75,1075
v_zwkx55dcbi,1998,50,40.0,0.894,0.571,0.312,7,1910,99,1073
v_g0zgqmhzgh,563,50,11.3,0.851,0.572,0.796,3,1914,148,1072
v_vkj5sh4fto,1183,50,23.7,0.841,0.573,0.718,14,1897,113,1039
v_474w804oor,579,50,11.6,0.856,0.575,0.762,16,1905,120,1060
v_41mozo98in,1294,50,25.9,0.784,0.577,0.694,11,1911,221,1077
v_1lcno2kcok,2153,50,43.1,0.939,0.579,0.402,6,1916,58,1077
v_4fr8ue0th4,2187,50,43.7,0.868,0.579,0.681,15,1906,120,1072
v_uo0x6ym34a,1200,50,24.0,0.92,0.579,0.739,6,1911,71,1073
v_zgkzno5gqw,1675,50,33.5,0.938,0.579,0.494,6,1914,53,1071
v_jlm4the7d8,2409,50,48.2,0.875,0.582,0.595,2,1916,125,1073
v_l3rubwusjo,2214,50,44.3,0.863,0.582,0.675,12,1895,117,1066
v_rbpb03jmmz,577,50,11.5,0.942,0.583,0.833,2,1916,51,1071
v_u7jo8klx6l,1245,50,24.9,0.815,0.583,0.654,6,1915,189,1075
v_ibmrlotglh,772,50,15.4,0.916,0.584,0.755,9,1911,76,1074
v_z2zy5qndmv,1437,50,28.7,0.922,0.585,0.568,5,1913,68,1070
v_c5xmx76gpy,2208,50,44.2,0.845,0.586,0.722,19,1860,107,1059
v_5zheze2kjr,2027,50,40.5,0.876,0.587,0.762,5,1910,120,1074
v_lti3l4x95s,1312,50,26.2,0.868,0.591,0.682,5,1915,70,1012
v_z3pjfzkgx3,1522,50,30.4,0.896,0.592,0.745,2,1916,102,1073
v_jznh6ammij,2427,50,48.5,0.854,0.597,0.703,4,1913,147,1074
v_3zv0hgbmlm,1793,50,35.9,0.931,0.6,0.799,3,1916,68,1076
v_iquqo5q82r,1959,50,39.2,0.932,0.602,0.793,3,1915,65,1076
v_dwrqjfch44,2518,50,50.4,0.88,0.604,0.709,9,1910,111,1072
v_4p5ltrat61,2088,50,41.8,0.923,0.605,0.709,2,1916,70,1070
v_ca7b18u789,728,50,14.6,0.914,0.606,0.802,18,1900,62,1069
v_initl5umjd,768,50,15.4,0.859,0.607,0.55,9,1888,104,1052
v_khizc5a770,975,50,19.5,0.933,0.607,0.817,6,1916,55,1069
v_rs7wl251t2,1241,50,24.8,0.767,0.607,0.679,20,1910,230,1071
v_xug8luhohf,1401,50,28.0,0.926,0.609,0.802,2,1916,68,1071
v_vo8pj0ndj1,854,50,17.1,0.923,0.61,0.838,16,1912,61,1069
v_gi0x00vg1v,831,50,16.6,0.917,0.611,0.669,20,1907,64,1072
v_pw9jtle8lo,1088,50,21.8,0.881,0.613,0.688,22,1903,77,1049
v_zrd0wk3d6d,860,50,17.2,0.863,0.613,0.748,12,1911,118,1060
v_7vd090hzf7,327,50,6.5,0.903,0.614,0.742,8,1895,76,1068
v_09gpsv2mc8,1769,50,35.4,0.824,0.615,0.731,2,1916,182,1074
v_2dh23o7p5z,1446,50,28.9,0.913,0.619,0.751,5,1914,83,1075
v_6kd3qt7m40,1462,50,29.2,0.925,0.623,0.737,5,1917,71,1074
v_9d4epmynqo,2041,50,40.8,0.814,0.624,0.722,2,1916,185,1067
v_kcttnq3eit,799,50,16.0,0.835,0.626,0.747,8,1898,109,1025
v_4qmuk4c1e7,1649,50,33.0,0.857,0.631,0.648,9,1908,129,1065
v_7qvjj6293d,1718,50,34.4,0.877,0.633,0.78,3,1913,123,1075
v_kl82trymp8,1354,50,27.1,0.891,0.638,0.603,2,1917,107,1072
v_62yfnp2bj0,961,50,19.2,0.866,0.643,0.817,19,1909,125,1074
v_nshmna89zd,1392,50,27.8,0.893,0.644,0.775,12,1892,71,1057
v_vij5ex20du,1661,50,33.2,0.864,0.644,0.714,13,1911,130,1074
v_qzk918g6sp,832,50,16.6,0.866,0.647,0.763,16,1908,112,1061
v_lj9l830ql9,1097,49,22.4,0.935,0.652,0.845,2,1917,58,1070
v_cm8yrkli6i,1926,50,38.5,0.857,0.657,0.709,13,1904,133,1073
v_3w49zw27sc,2137,50,42.7,0.87,0.662,0.704,13,1905,122,1075
v_cxcct50x0i,2137,50,42.7,0.92,0.668,0.749,3,1913,71,1069
v_j9eiew0wil,1269,50,25.4,0.921,0.671,0.769,3,1912,73,1074
v_6wcpy7t3rr,1974,50,39.5,0.883,0.672,0.765,3,1917,115,1072
v_r0bgvj4nuz,2084,50,41.7,0.9,0.685,0.62,1,1913,97,1074
v_7xutp1mkyr,2385,50,47.7,0.929,0.689,0.815,4,1913,66,1075
